id,name,city,region,location,source
2550,بیلبورد آستارا,آستارا,آستارا، مقابل پایانه ترانزیت,آستارا، مقابل پایانه ترانزیت,billboardiha
2398,بیلبورد کمربندی آستانه اشرفی,آستانه اشرفیه,گیلان، کمربندی آستانه اشرفیه، دید از لاهیجان,گیلان، کمربندی آستانه اشرفیه، دید از لاهیجان,billboardiha
2381,بیلبورد اراک - سلفچگان,اراک,اراک - سلفچگان (کیلومتر 16)، رفت,اراک - سلفچگان (کیلومتر 16)، رفت,billboardiha
2382,بیلبورد اراک - سلفچگان,اراک,اراک - سلفچگان (کیلومتر 16)، رفت,اراک - سلفچگان (کیلومتر 16)، رفت,billboardiha
2380,بیلبورد اراک - سلفچگان,اراک,اراک - سلفچگان (کیلومتر 25)، رفت,اراک - سلفچگان (کیلومتر 25)، رفت,billboardiha
2373,بیلبورد اراک - سلفچگان,اراک,اراک - سلفچگان (کیلومتر 37)، برگشت,اراک - سلفچگان (کیلومتر 37)، برگشت,billboardiha
2378,بیلبورد اراک - سلفچگان,اراک,اراک - سلفچگان (کیلومتر 37)، رفت,اراک - سلفچگان (کیلومتر 37)، رفت,billboardiha
2374,بیلبورد اراک - سلفچگان,اراک,اراک - سلفچگان (کیلومتر 39)، برگشت,اراک - سلفچگان (کیلومتر 39)، برگشت,billboardiha
2377,بیلبورد اراک - سلفچگان,اراک,اراک - سلفچگان (کیلومتر 39)، رفت,اراک - سلفچگان (کیلومتر 39)، رفت,billboardiha
2375,بیلبورد اراک - سلفچگان,اراک,اراک - سلفچگان (کیلومتر 40)، برگشت,اراک - سلفچگان (کیلومتر 40)، برگشت,billboardiha
2376,بیلبورد اراک - سلفچگان,اراک,اراک - سلفچگان (کیلومتر 56)، برگشت,اراک - سلفچگان (کیلومتر 56)، برگشت,billboardiha
1490,بیلبورد چهارراه دکتر حسابی,اراک,چهارراه دکتر حسابی,چهارراه دکتر حسابی,billboardiha
3100,بیلبورد اشتهارد,اردبیل,اشتهارد، بلوا اصلی جنب شهرک صنعتی اشتهارد (برگشت),اشتهارد، بلوا اصلی جنب شهرک صنعتی اشتهارد (برگشت),billboardiha
3101,بیلبورد اشتهارد,اردبیل,اشتهارد، بلوا اصلی جنب شهرک صنعتی اشتهارد (رفت),اشتهارد، بلوا اصلی جنب شهرک صنعتی اشتهارد (رفت),billboardiha
2036,بیلبورد خروجی اردبیل,اردبیل,خروجی اردبیل به مغان,خروجی اردبیل به مغان,billboardiha
2050,بیلبورد خروجی سرعین,اردبیل,خروجی سرعین به سمت اردبیل - الف,خروجی سرعین به سمت اردبیل - الف,billboardiha
2049,بیلبورد خروجی سرعین,اردبیل,خروجی سرعین به سمت اردبیل - ب,خروجی سرعین به سمت اردبیل - ب,billboardiha
2064,بیلبورد رضوان,اردبیل,رضوان، کنار ورزشگاه رضازاده,رضوان، کنار ورزشگاه رضازاده,billboardiha
2034,بیلبورد شهرک صنعتی,اردبیل,شهرک صنعتی دو,شهرک صنعتی دو,billboardiha
2035,بیلبورد شهرک صنعتی,اردبیل,شهرک صنعتی یک,شهرک صنعتی یک,billboardiha
3677,بیلبورد ضلع شمال غربی خیابان مقدس اردبیلی,اردبیل,ضلع شمال غربی خیابان مقدس اردبیلی، تقاطع مقدس اردبیلی با خیابان الفت,ضلع شمال غربی خیابان مقدس اردبیلی، تقاطع مقدس اردبیلی با خیابان الفت,irbillboard
2033,بیلبورد فرودگاه بین المللی اردبیل,اردبیل,فرودگاه بین المللی اردبیل، داخل محوطه جلوی ورودی ترمینال,فرودگاه بین المللی اردبیل، داخل محوطه جلوی ورودی ترمینال,billboardiha
2068,بیلبورد میدان بسیج,اردبیل,میدان بسیج,میدان بسیج,billboardiha
2052,بیلبورد ورودی سرعین,اردبیل,ورودی سرعین - الف,ورودی سرعین - الف,billboardiha
2051,بیلبورد ورودی سرعین,اردبیل,ورودی سرعین - ب,ورودی سرعین - ب,billboardiha
2046,بیلبورد پلیس راه اردبیل - نمین,اردبیل,پلیس راه اردبیل - نمین، به سمت آستارا,پلیس راه اردبیل - نمین، به سمت آستارا,billboardiha
2045,بیلبورد پلیس راه اردبیل - نمین,اردبیل,پلیس راه اردبیل - نمین، به سمت اردبیل,پلیس راه اردبیل - نمین، به سمت اردبیل,billboardiha
3348,بیلبورد خ شهید عطائی و امام (ره),ارومیه,اول بازار (نبش خ شهید عطائی و امام (ره)),اول بازار (نبش خ شهید عطائی و امام (ره)),billboardiha
1402,بیلبورد بازار,ارومیه,اول بازار، نبش بلوار عطایی و امام (ره),اول بازار، نبش بلوار عطایی و امام (ره),billboardiha
2238,بیلبورد بلوار والفجر,ارومیه,بلوار والفجر، روبروی دانشگاه جامع، دید از تقاطع مولوی,بلوار والفجر، روبروی دانشگاه جامع، دید از تقاطع مولوی,billboardiha
2239,بیلبورد بلوار والفجر,ارومیه,بلوار والفجر، روبروی دانشگاه جامع، دید از میثم,بلوار والفجر، روبروی دانشگاه جامع، دید از میثم,billboardiha
1390,بیلبورد تفرجگاه بند,ارومیه,تفرجگاه بند، جنب کارواش، مسیر برگشت,تفرجگاه بند، جنب کارواش، مسیر برگشت,billboardiha
1391,بیلبورد تفرجگاه بند,ارومیه,تفرجگاه بند، نرسیده به کارواش، مسیر برگشت,تفرجگاه بند، نرسیده به کارواش، مسیر برگشت,billboardiha
1394,بیلبورد تفرجگاه بند,ارومیه,تفرجگاه بند، پارکینگ اول، مسیر رفت,تفرجگاه بند، پارکینگ اول، مسیر رفت,billboardiha
1414,بیلبورد پل سوم خرداد,ارومیه,تقاطع غیر مسطح سوم خرداد,تقاطع غیر مسطح سوم خرداد,billboardiha
1408,بیلبورد  پل قویون,ارومیه,تقاطع غیر همسطح پل قویون,تقاطع غیر همسطح پل قویون,billboardiha
3375,بیلبورد تقاطع مولوی,ارومیه,تقاطع مولوی اول بلوار امام علی,تقاطع مولوی اول بلوار امام علی,billboardiha
2282,بیلبورد تقاطع مولوی,ارومیه,تقاطع مولوی، بعد از تونل، دید از امام علی,تقاطع مولوی، بعد از تونل، دید از امام علی,billboardiha
3334,بیلبورد تقاطع مولوی,ارومیه,تقاطع مولوی، بعد از تونل، دید از امام علی,تقاطع مولوی، بعد از تونل، دید از امام علی,billboardiha
3335,بیلبورد تقاطع مولوی,ارومیه,تقاطع مولوی، بعد از تونل، دید از امام علی,تقاطع مولوی، بعد از تونل، دید از امام علی,billboardiha
2283,بیلبورد دوطرفه تقاطع مولوی,ارومیه,تقاطع مولوی، بعد از تونل، دید از مولوی,تقاطع مولوی، بعد از تونل، دید از مولوی,billboardiha
2285,بیلبورد دو طرفه تقاطع مولوی,ارومیه,تقاطع مولوی، نرسیده به تونل، دید از مولوی,تقاطع مولوی، نرسیده به تونل، دید از مولوی,billboardiha
3337,بیلبورد تقاطع مولوی,ارومیه,تقاطع مولوی، نرسیده به تونل، دید از مولوی,تقاطع مولوی، نرسیده به تونل، دید از مولوی,billboardiha
1386,بیلبورد جاده بند,ارومیه,جاده بند، جنب غذا خوری میلاد، دید از شهر,جاده بند، جنب غذا خوری میلاد، دید از شهر,billboardiha
1383,بیلبورد جاده شهید کلانتری,ارومیه,جاده شهید کلانتری، بعد از پلیس راه، دید از میانگذر,جاده شهید کلانتری، بعد از پلیس راه، دید از میانگذر,billboardiha
1389,بیلبورد جام جم,ارومیه,جام جم، بعد از تالار مهستان، مسیر برگشت,جام جم، بعد از تالار مهستان، مسیر برگشت,billboardiha
3330,بیلبورد خروجی تفرجگاه بند,ارومیه,خروجی تفرجگاه بند (عمودی) - سازه اول,خروجی تفرجگاه بند (عمودی) - سازه اول,billboardiha
3303,بیلبورد خیابان دانشکده,ارومیه,خیابان دانشکده - روبروی ترک مال,خیابان دانشکده - روبروی ترک مال,billboardiha
3302,بیلبورد خیابان دانشکده,ارومیه,خیابان دانشکده - روبروی ترک مال - دید از دانشکده,خیابان دانشکده - روبروی ترک مال - دید از دانشکده,billboardiha
2244,بیلبورد خیابان مولوی,ارومیه,خیابان مولوی، اول پل غیر هم سطح مولوی، دید از برق,خیابان مولوی، اول پل غیر هم سطح مولوی، دید از برق,billboardiha
2245,بیلبورد خیابان مولوی,ارومیه,خیابان مولوی، اول پل غیر هم سطح مولوی، دید از مولوی,خیابان مولوی، اول پل غیر هم سطح مولوی، دید از مولوی,billboardiha
2243,بیلبورد خیابان مولوی,ارومیه,خیابان مولوی، چهارره امام رضا، دید از برق,خیابان مولوی، چهارره امام رضا، دید از برق,billboardiha
2242,بیلبورد خیابان مولوی,ارومیه,خیابان مولوی، چهارره امام رضا، دید از مولوی,خیابان مولوی، چهارره امام رضا، دید از مولوی,billboardiha
3325,بیلبورد داخل تفرجگاه بند,ارومیه,داخل تفرجگاه بند - مسیر برگشت (عمودی),داخل تفرجگاه بند - مسیر برگشت (عمودی),billboardiha
3326,بیلبورد داخل تفرجگاه بند,ارومیه,داخل تفرجگاه بند - مسیر رفت (عمودی),داخل تفرجگاه بند - مسیر رفت (عمودی),billboardiha
2270,بیلبورد داخل تفرجگاه بند,ارومیه,داخل تفرجگاه بند، مسیر برگشت، دید از شهر,داخل تفرجگاه بند، مسیر برگشت، دید از شهر,billboardiha
2271,بیلبورد داخل تفرجگاه بند,ارومیه,داخل تفرجگاه بند، مسیر رفت، دید از شهر,داخل تفرجگاه بند، مسیر رفت، دید از شهر,billboardiha
2267,بیلبورد داخل تفرجگاه بند,ارومیه,داخل تفرجگاه بند، کنار رود جویبار، دید از شهر,داخل تفرجگاه بند، کنار رود جویبار، دید از شهر,billboardiha
2269,بیلبورد داخل تفرجگاه بند,ارومیه,داخل تفرجگاه بند، کنار رود، دید از شهر,داخل تفرجگاه بند، کنار رود، دید از شهر,billboardiha
2272,بیلبورد داخل تفرجگاه بند,ارومیه,داخل تفرجگاه بند، کنار رود، دید از شهر,داخل تفرجگاه بند، کنار رود، دید از شهر,billboardiha
3304,بیلبورد دانشکده,ارومیه,دانشکده - روبروی کنسولگری,دانشکده - روبروی کنسولگری,billboardiha
3305,بیلبورد دانشکده,ارومیه,دانشکده - روبروی کنسولگری,دانشکده - روبروی کنسولگری,billboardiha
2248,بیلبورد دانشکده,ارومیه,دانشکده، روبروی کنسول گری ترکیه، دید از چهارراه اطلاعات,دانشکده، روبروی کنسول گری ترکیه، دید از چهارراه اطلاعات,billboardiha
2255,بیلبورد شیخ تپه,ارومیه,شیخ تپه (بلوار نبوت)، دید از نبوت,شیخ تپه (بلوار نبوت)، دید از نبوت,billboardiha
2256,بیلبورد شیخ تپه,ارومیه,شیخ تپه اول باند دو طرفه، دید از بهداری,شیخ تپه اول باند دو طرفه، دید از بهداری,billboardiha
2257,بیلبورد شیخ تپه,ارومیه,شیخ تپه اول باند دو طرفه، دید از شهر چای,شیخ تپه اول باند دو طرفه، دید از شهر چای,billboardiha
2278,بیلبورد فلکه بهداری,ارومیه,فلکه شهرک بهداری، دید از شیخ تپه,فلکه شهرک بهداری، دید از شیخ تپه,billboardiha
3338,بیلبورد فلکه مادر,ارومیه,فلکه مادر، اول خیابان شهرک فرهنگیان,فلکه مادر، اول خیابان شهرک فرهنگیان,billboardiha
2286,بیلبورد فلکه مادر,ارومیه,فلکه مادر، اول خیابان شهرک فرهنگیان، دید از آهندوست,فلکه مادر، اول خیابان شهرک فرهنگیان، دید از آهندوست,billboardiha
3313,بیلبورد فلکه مخابرات,ارومیه,فلکه مخابرات - چهارراه مخابرات,فلکه مخابرات - چهارراه مخابرات,billboardiha
2259,بیلبورد فلکه مخابرات,ارومیه,فلکه مخابرات، دید از چهارراه مخابرات,فلکه مخابرات، دید از چهارراه مخابرات,billboardiha
2279,بیلبورد فلکه مدرس,ارومیه,فلکه مدرس، دید از مدرس,فلکه مدرس، دید از مدرس,billboardiha
3332,بیلبورد فلکه مدرس,ارومیه,فلکه مدرس، دید از مدرس,فلکه مدرس، دید از مدرس,billboardiha
3321,بیلبورد مسیر برگشت بند,ارومیه,مسیر برگشت بند (عمودی),مسیر برگشت بند (عمودی),billboardiha
3300,بیلبورد مولوی,ارومیه,مولوی - اول پل غیر همسطح,مولوی - اول پل غیر همسطح,billboardiha
3301,بیلبورد مولوی,ارومیه,مولوی - اول پل غیر همسطح,مولوی - اول پل غیر همسطح,billboardiha
1398,بیلبورد میدان امامت,ارومیه,میدان امامت، روبروی پالم سنتر، دید از امامت,میدان امامت، روبروی پالم سنتر، دید از امامت,billboardiha
1411,بیلبورد میدان خیرین,ارومیه,میدان خیرین,میدان خیرین,billboardiha
3351,بیلبورد میدان خیرین,ارومیه,میدان خیرین,میدان خیرین,billboardiha
3295,بیلبورد والفجر,ارومیه,والفجر - روبروی دانشگاه جامع - دید از تقاطع مولوی,والفجر - روبروی دانشگاه جامع - دید از تقاطع مولوی,billboardiha
3294,بیلبورد والفجر,ارومیه,والفجر - روبروی دانشگاه جامع - دید از میثم,والفجر - روبروی دانشگاه جامع - دید از میثم,billboardiha
3328,بیلبورد ورودی تفرجگاه بند,ارومیه,ورودی تفرجگاه بند (عمودی),ورودی تفرجگاه بند (عمودی),billboardiha
2273,بیلبورد ورودی تفرجگاه بند,ارومیه,ورودی تفرجگاه بند، دید از شهر,ورودی تفرجگاه بند، دید از شهر,billboardiha
3356,بیلبورد  تفرجگاه بند,ارومیه,پارکینگ اول تفرجگاه بند,پارکینگ اول تفرجگاه بند,billboardiha
3358,بیلبورد پل سوم خرداد,ارومیه,پل سوم خرداد,پل سوم خرداد,billboardiha
3357,بیلبورد پل غیر مسطح نبوت,ارومیه,پل غیر مسطح نبوت (پل غیر مسطح نبوت (شهر چائی),پل غیر مسطح نبوت (پل غیر مسطح نبوت (شهر چائی),billboardiha
1025,یگان امداد نورآباد,ازنا,شهرستان نورآباد - یگان امداد,شهرستان نورآباد - یگان امداد,billboardiha
1437,بیلبورد  آزادراه قم به سمت کاشان,اصفهان,آزادراه قم به سمت کاشان، روبروی مشکات، 5کیلومتر مانده به کارخانه شیر,آزادراه قم به سمت کاشان، روبروی مشکات، 5کیلومتر مانده به کارخانه شیر,billboardiha
3784,بیلبورد بزرگراه اشرفی اصفهانی مسیر شمال به جنوب,اصفهان,بزرگراه اشرفی اصفهانی، مسیر شمال به جنوب، بعد از پل حکیم، نرسیده به فلکه دوم صادقیه,بزرگراه اشرفی اصفهانی، مسیر شمال به جنوب، بعد از پل حکیم، نرسیده به فلکه دوم صادقیه,irbillboard
1791,بیلبورد بلوار اصلی فرودگاه بین المللی شهید بهشتی,اصفهان,بلوار اصلی فرودگاه بین المللی شهید بهشتی، مسیر برگشت,بلوار اصلی فرودگاه بین المللی شهید بهشتی، مسیر برگشت,billboardiha
1792,بیلبورد بلوار اصلی فرودگاه بین المللی شهید بهشتی,اصفهان,بلوار اصلی فرودگاه بین المللی شهید بهشتی، مسیر برگشت,بلوار اصلی فرودگاه بین المللی شهید بهشتی، مسیر برگشت,billboardiha
1793,بیلبورد بلوار اصلی فرودگاه بین المللی شهید بهشتی,اصفهان,بلوار اصلی فرودگاه بین المللی شهید بهشتی، مسیر رفت,بلوار اصلی فرودگاه بین المللی شهید بهشتی، مسیر رفت,billboardiha
1795,بیلبورد بلوار اصلی فرودگاه بین المللی شهید بهشتی,اصفهان,بلوار اصلی فرودگاه بین المللی شهید بهشتی، مسیر رفت,بلوار اصلی فرودگاه بین المللی شهید بهشتی، مسیر رفت,billboardiha
1842,بیلبورد بلوار امام رضا,اصفهان,بلوار امام رضا (ع)، بعد از خروجی مصلی,بلوار امام رضا (ع)، بعد از خروجی مصلی,billboardiha
1770,بیلبورد چهاروجهی گردان بلوار امام,اصفهان,بلوار امام، جنب خروجی پارکینگ خرازی,بلوار امام، جنب خروجی پارکینگ خرازی,billboardiha
1771,بیلبورد چهاروجهی گردان بلوار امام,اصفهان,بلوار امام، چهارراه حافظ,بلوار امام، چهارراه حافظ,billboardiha
1100,بیلبورد بلوار صفائیه,اصفهان,بلوار صفائیه، جنب بیمارستان,بلوار صفائیه، جنب بیمارستان,billboardiha
1769,بیلبورد چهاروجهی گردان بلوار عطار,اصفهان,بلوار عطار، چهارراه عطار,بلوار عطار، چهارراه عطار,billboardiha
1436,بیلبورد بلوار قطب راوندی,اصفهان,بلوار قطب راوندی، نبش خیابان تالار,بلوار قطب راوندی، نبش خیابان تالار,billboardiha
1297,بیلبورد جاده اصفهان - شیراز,اصفهان,جاده اصفهان - شیراز، قبل از شهرک صنعتی رازی,جاده اصفهان - شیراز، قبل از شهرک صنعتی رازی,billboardiha
3238,بیلبورد جاده شهرکرد- اصفهان,اصفهان,جاده پلیس راه - شهرکر (منابع طبیعی),جاده پلیس راه - شهرکر (منابع طبیعی),billboardiha
23,بیلبورد خیابان ولیعصر اصفهان,اصفهان,منطقه ۶,خیابان ولیعصر، قبل از چهارراه شیخ بهایی,
1632,نبش دیوار خیابان کارگر,اصفهان,خیابان کارگر - نبش کوچه 16 متری,خیابان کارگر - نبش کوچه 16 متری,billboardiha
2367,بیلبورد دلیجان - اصفهان,اصفهان,دلیجان - اصفهان (کیلومتر 3 قبل از پلیس راه),دلیجان - اصفهان (کیلومتر 3 قبل از پلیس راه),billboardiha
2360,بیلبورد دلیجان - امام خمینی,اصفهان,دلیجان - امام خمینی (مسیر اصفهان به سمت دلیجان),دلیجان - امام خمینی (مسیر اصفهان به سمت دلیجان),billboardiha
2361,بیلبورد دلیجان - امام خمینی,اصفهان,دلیجان - امام خمینی (مسیر دلیجان به سمت اصفهان),دلیجان - امام خمینی (مسیر دلیجان به سمت اصفهان),billboardiha
3746,ستون‌‌های فود کورت اصلی سیتی سنتر,اصفهان,ستون‌‌های فود کورت اصلی سیتی سنتر اصفهان (4 وجهی),ستون‌‌های فود کورت اصلی سیتی سنتر اصفهان (4 وجهی),irbillboard
2296,بیلبورد میدان معلم,اصفهان,شاهراه غرب اصفهان (میدان معلم)، خروجی شرق نجف آباد، به سمت اصفهان، خمینی شهر، وجه غربی,شاهراه غرب اصفهان (میدان معلم)، خروجی شرق نجف آباد، به سمت اصفهان، خمینی شهر، وجه غربی,billboardiha
2294,بیلبورد شاهراه غرب اصفهان,اصفهان,شاهراه غرب اصفهان، خروجی شرق نجف آباد، به سمت اصفهان - خمینی شهر (تقاطع اول، بعد از میدان معلم)، وجه غربی,شاهراه غرب اصفهان، خروجی شرق نجف آباد، به سمت اصفهان - خمینی شهر (تقاطع اول، بعد از میدان معلم)، وجه غربی,billboardiha
3713,شیشه‌های ورودی لیف لابی، ورودی4 پارکینگ1 سیتی سنتر,اصفهان,شیشه‌های ورودی لیف لابی اصلی، ورودی4 در پارکینگ1 اصفهان سیتی سنتر,شیشه‌های ورودی لیف لابی اصلی، ورودی4 در پارکینگ1 اصفهان سیتی سنتر,irbillboard
3773,شیشه‌های ورودی لیف لابی، ورودی6 پارکینگ1 سیتی سنتر,اصفهان,شیشه‌های ورودی لیف لابی، ورودی6 در پارکینگ1 اصفهان سیتی سنتر,شیشه‌های ورودی لیف لابی، ورودی6 در پارکینگ1 اصفهان سیتی سنتر,irbillboard
1788,بیلبورد فرودگاه بین المللی شهید بهشتی,اصفهان,فرودگاه بین المللی شهید بهشتی، ترانزیت ورود، پیشانی خروجی از سالن ورودی,فرودگاه بین المللی شهید بهشتی، ترانزیت ورود، پیشانی خروجی از سالن ورودی,billboardiha
1796,بیلبورد فرودگاه بین المللی شهید بهشتی,اصفهان,فرودگاه بین المللی شهید بهشتی، سالن ترانزیت خروج,فرودگاه بین المللی شهید بهشتی، سالن ترانزیت خروج,billboardiha
1798,بیلبورد فرودگاه بین المللی شهید بهشتی,اصفهان,فرودگاه بین المللی شهید بهشتی، سالن ترانزیت خروج، پیشانی گیت خروجی با سایت پرواز,فرودگاه بین المللی شهید بهشتی، سالن ترانزیت خروج، پیشانی گیت خروجی با سایت پرواز,billboardiha
1799,بیلبورد فرودگاه بین المللی شهید بهشتی,اصفهان,فرودگاه بین المللی شهید بهشتی، سالن ترانزیت ورود، تابلوی میان کاروسل بار,فرودگاه بین المللی شهید بهشتی، سالن ترانزیت ورود، تابلوی میان کاروسل بار,billboardiha
1800,بیلبورد فرودگاه بین المللی شهید بهشتی,اصفهان,فرودگاه بین المللی شهید بهشتی، سالن ترانزیت ورود، پیشانی گیت خروجی با سالن عمومی,فرودگاه بین المللی شهید بهشتی، سالن ترانزیت ورود، پیشانی گیت خروجی با سالن عمومی,billboardiha
1801,بیلبورد فرودگاه بین المللی شهید بهشتی,اصفهان,فرودگاه بین المللی شهید بهشتی، سالن ترانزیت ورود، پیشانی گیت ورودی مسافر از سایت پرواز,فرودگاه بین المللی شهید بهشتی، سالن ترانزیت ورود، پیشانی گیت ورودی مسافر از سایت پرواز,billboardiha
1806,بیلبورد فرودگاه بین المللی شهید بهشتی,اصفهان,فرودگاه بین المللی شهید بهشتی، سالن عمومی، بالای کانتر چک این,فرودگاه بین المللی شهید بهشتی، سالن عمومی، بالای کانتر چک این,billboardiha
1805,بیلبورد فرودگاه بین المللی شهید بهشتی,اصفهان,فرودگاه بین المللی شهید بهشتی، سالن عمومی، زیر نورگیر,فرودگاه بین المللی شهید بهشتی، سالن عمومی، زیر نورگیر,billboardiha
1797,بیلبورد فرودگاه بین المللی شهید بهشتی,اصفهان,فرودگاه بین المللی شهید بهشتی، سالن عمومی، ضلع غربی، بخش مستقبلین,فرودگاه بین المللی شهید بهشتی، سالن عمومی، ضلع غربی، بخش مستقبلین,billboardiha
1802,بیلبورد فرودگاه بین المللی شهید بهشتی,اصفهان,فرودگاه بین المللی شهید بهشتی، سالن عمومی، پیشانی جنوب غربی درب های ورودی و خروجی,فرودگاه بین المللی شهید بهشتی، سالن عمومی، پیشانی جنوب غربی درب های ورودی و خروجی,billboardiha
1803,بیلبورد فرودگاه بین المللی شهید بهشتی,اصفهان,فرودگاه بین المللی شهید بهشتی، سالن عمومی، پیشانی جنوب غربی درب های ورودی و خروجی,فرودگاه بین المللی شهید بهشتی، سالن عمومی، پیشانی جنوب غربی درب های ورودی و خروجی,billboardiha
1789,بیلبورد فرودگاه بین المللی شهید بهشتی,اصفهان,فرودگاه بین المللی شهید بهشتی، سالن پرواز های خارجی، ترانزیت ورود ، تابلو های میان کاروسل بار,فرودگاه بین المللی شهید بهشتی، سالن پرواز های خارجی، ترانزیت ورود ، تابلو های میان کاروسل بار,billboardiha
1794,بیلبورد دوطرفه فرودگاه بین المللی شهید بهشتی,اصفهان,فرودگاه بین المللی شهید بهشتی، مشرف به محوطه، مقابل ترمینال پرواز های داخلی، رو به ترمینال,فرودگاه بین المللی شهید بهشتی، مشرف به محوطه، مقابل ترمینال پرواز های داخلی، رو به ترمینال,billboardiha
1790,بیلبورد فرودگاه بین المللی شهید بهشتی,اصفهان,فرودگاه بین المللی شهید بهشتی، مشرف به محوطه، مقابل ترمینال پرواز های داخلی، ضلع غربی,فرودگاه بین المللی شهید بهشتی، مشرف به محوطه، مقابل ترمینال پرواز های داخلی، ضلع غربی,billboardiha
1804,بیلبورد فرودگاه بین المللی شهید بهشتی,اصفهان,فرودگاه بین المللی شهید بهشتی، پیشانی جنوب شرقی، درب های ورودی و خروجی,فرودگاه بین المللی شهید بهشتی، پیشانی جنوب شرقی، درب های ورودی و خروجی,billboardiha
1003,مترو ستون,اصفهان,مترو اصفهان در تمام ایستگاه ها,مترو اصفهان در تمام ایستگاه ها,billboardiha
1440,بیلبورد  محور جدید آران و بیدگل,اصفهان,محور جدید آران و بیدگل به سمت کاشان,محور جدید آران و بیدگل به سمت کاشان,billboardiha
1101,بیلبورد میدان جهاد,اصفهان,میدان جهاد (سمت ابتدای بلوار معلم),میدان جهاد (سمت ابتدای بلوار معلم),billboardiha
1103,بیلبورد میدان جهاد,اصفهان,میدان جهاد (سمت باغ کشاورزی راست),میدان جهاد (سمت باغ کشاورزی راست),billboardiha
1102,بیلبورد میدان جهاد,اصفهان,میدان جهاد (سمت باغ کشاورزی چپ),میدان جهاد (سمت باغ کشاورزی چپ),billboardiha
1843,بیلبورد میدان جهاد,اصفهان,میدان جهاد، ابتدای بلوار کشاورز,میدان جهاد، ابتدای بلوار کشاورز,billboardiha
1831,بیلبورد میدان شهید اردهال,اصفهان,میدان شهید اردهال,میدان شهید اردهال,billboardiha
1836,بیلبورد میدان پانزده خرداد,اصفهان,میدان پانزده خرداد,میدان پانزده خرداد,billboardiha
1837,بیلبورد میدان پانزده خرداد,اصفهان,میدان پانزده خرداد,میدان پانزده خرداد,billboardiha
1834,بیلبورد میدان کمال الملک,اصفهان,میدان کمال الملک، جنب دفترخانه,میدان کمال الملک، جنب دفترخانه,billboardiha
1835,بیلبورد میدان کمال الملک,اصفهان,میدان کمال الملک، مقابل بانک ملت,میدان کمال الملک، مقابل بانک ملت,billboardiha
1434,بیلبورد میدان ۱۵ خرداد,اصفهان,میدان ۱۵ خرداد، ( مرکز شهر),میدان ۱۵ خرداد، ( مرکز شهر),billboardiha
1438,بیلبورد پل بهشتی,اصفهان,پل بهشتی، روبروی پارک پرستار,پل بهشتی، روبروی پارک پرستار,billboardiha
1429,بیلبورد چهارراه سلمان,اصفهان,چهارراه سلمان,چهارراه سلمان,billboardiha
1891,بیلبورد سلمان فارسی,اهواز,ابتدای سلمان فارسی، جنب ایستگاه تاکسی,ابتدای سلمان فارسی، جنب ایستگاه تاکسی,billboardiha
1887,بیلبورد پل سوم,اهواز,ابتدای پل سوم، به سمت کیانپارس,ابتدای پل سوم، به سمت کیانپارس,billboardiha
1884,بیلبورد پل هفتم,اهواز,ابتدای پل هفتم (خروجی کیانپارس),ابتدای پل هفتم (خروجی کیانپارس),billboardiha
1885,بیلبورد پل هفتم,اهواز,ابتدای پل هفتم (ورودی کیانپارس),ابتدای پل هفتم (ورودی کیانپارس),billboardiha
1582,بیلبورد دو وجهی اتوبان آیت الله بهبهانی,اهواز,اتوبان آیت الله بهبهانی، میدان مشعلی، روبروی درمانگاه امام رضا (ع)، دید از هر دو سمت ورودی و خروجی به مرکز شهر,اتوبان آیت الله بهبهانی، میدان مشعلی، روبروی درمانگاه امام رضا (ع)، دید از هر دو سمت ورودی و خروجی به مرکز شهر,billboardiha
1580,بیلبورد اتوبان آیت الله بهبهانی,اهواز,اتوبان آیت الله بهبهانی، نبش بازار ماشین، دید از ورودی به سمت مرکز شهر,اتوبان آیت الله بهبهانی، نبش بازار ماشین، دید از ورودی به سمت مرکز شهر,billboardiha
1573,بیلبورد اتوبان فرودگاه,اهواز,اتوبان فرودگاه، دید از ورودی به سمت سه راه فرودگاه,اتوبان فرودگاه، دید از ورودی به سمت سه راه فرودگاه,billboardiha
3575,بیلبورد بلوار آیت الله بهبهانی,اهواز,بلوار آیت الله بهبهانی ،جنب مصلی،محوطه آتش نشانی,بلوار آیت الله بهبهانی ،جنب مصلی،محوطه آتش نشانی,billboardiha
3574,بیلبورد بلوار گلستان,اهواز,بلوار گلستان،ضلع جنوب میدان کارگر (دید از میدان کارگر),بلوار گلستان،ضلع جنوب میدان کارگر (دید از میدان کارگر),billboardiha
3572,بیلبورد بلوار گلستان,اهواز,بلوار گلستان،میدان دانشگاه شهید چمران،نبش خیابان انوشه (دید از میدان دانشگاه شهید چمران),بلوار گلستان،میدان دانشگاه شهید چمران،نبش خیابان انوشه (دید از میدان دانشگاه شهید چمران),billboardiha
1560,بیلبورد حدفاصل اهواز و مهرشهر,اهواز,بیلبورد برون شهری، حدفاصل اهواز و ماهشهر، دید از ورودی به سمت اهواز,بیلبورد برون شهری، حدفاصل اهواز و ماهشهر، دید از ورودی به سمت اهواز,billboardiha
3592,بیلبورد حدفاصل فرودگاه و سه راه فرودگاه,اهواز,حدفاصل فرودگاه و سه راه فرودگاه (مسیر شرق به غرب),حدفاصل فرودگاه و سه راه فرودگاه (مسیر شرق به غرب),billboardiha
3578,بیلبورد خروجی ضلع شرقی پل هفتم,اهواز,خروجی ضلع شرقی پل هفتم حدفاصل پل هفتم و پل سیاه,خروجی ضلع شرقی پل هفتم حدفاصل پل هفتم و پل سیاه,billboardiha
1568,بیلبورد شهر شیبان,اهواز,شهر شیبان، ورودی شمال شرقی اهواز,شهر شیبان، ورودی شمال شرقی اهواز,billboardiha
3589,بیلبورد ضلع شمال شرقی پل سوم,اهواز,ضلع شمال شرقی پل سوم (دید از پل سوم),ضلع شمال شرقی پل سوم (دید از پل سوم),billboardiha
3590,بیلبورد ضلع شمال شرقی پل سوم,اهواز,ضلع شمال شرقی پل سوم (دید از پنج نخل),ضلع شمال شرقی پل سوم (دید از پنج نخل),billboardiha
1579,بیلبورد لشکر آباد,اهواز,لشکر آباد، استادیوم تختی، دید خروجی از فلکه لشکر آباد,لشکر آباد، استادیوم تختی، دید خروجی از فلکه لشکر آباد,billboardiha
1890,بیلبورد میدان پنج نخل,اهواز,میدان پنج نخل، ورودی پل سوم (دید از پل سوم),میدان پنج نخل، ورودی پل سوم (دید از پل سوم),billboardiha
1570,بیلبورد پل پنجم,اهواز,پل پنجم، حدفاصل دید از دانشگاه چمران و بلوار گلستان,پل پنجم، حدفاصل دید از دانشگاه چمران و بلوار گلستان,billboardiha
3583,بیلبورد کیانپارس,اهواز,کیانپارس بلوار ساحلی غربی نبش خیابان 13,کیانپارس بلوار ساحلی غربی نبش خیابان 13,billboardiha
3582,بیلبورد کیانپارس,اهواز,کیانپارس بلوار ساحلی غربی نبش خیابان 5,کیانپارس بلوار ساحلی غربی نبش خیابان 5,billboardiha
3581,بیلبورد کیانپارس,اهواز,"کیانپارس بلوار شهید چمران ضلع شرقی تقاطع توحید (دید از تقاطع توحید ""چهار راه پهلوان"")","کیانپارس بلوار شهید چمران ضلع شرقی تقاطع توحید (دید از تقاطع توحید ""چهار راه پهلوان"")",billboardiha
3587,بیلبورد کیانپارس,اهواز,کیانپارس ضلع شرقی میدان چمران آیلند وسط (دید از پل سوم),کیانپارس ضلع شرقی میدان چمران آیلند وسط (دید از پل سوم),billboardiha
1880,بیلبورد کیانپارس,اهواز,کیانپارس، میدان فلسطین، جنب رستوران گل های داوودی,کیانپارس، میدان فلسطین، جنب رستوران گل های داوودی,billboardiha
1578,بیلبورد بلوار ساحلی,اهواز,گلستان، بلوار ساحلی، پشت دانشگاه شهید چمران، دید از ورودی به سمت گلستان,گلستان، بلوار ساحلی، پشت دانشگاه شهید چمران، دید از ورودی به سمت گلستان,billboardiha
1820,بیلبورد دوطرفه بلوار خلیج فارس,ایلام,بلوار خلیج فارس، روبروی پارک کوثر,بلوار خلیج فارس، روبروی پارک کوثر,billboardiha
1817,بیلبورد دوطرفه سرابله,ایلام,سرابله به سمت ایلام، روبروی کارخانه سیمان,سرابله به سمت ایلام، روبروی کارخانه سیمان,billboardiha
1830,بیلبورد دوطرفه میدان امام حسین,ایلام,میدان امام حسین,میدان امام حسین,billboardiha
2173,بیلبورد بابل,بابل,بابل، ورودی از آمل، زرگر محله، روبروی شهرداری,بابل، ورودی از آمل، زرگر محله، روبروی شهرداری,billboardiha
2174,بیلبورد دوطرفه بابل,بابل,بابل، ورودی ازآمل، ابتدای زرگرمحله,بابل، ورودی ازآمل، ابتدای زرگرمحله,billboardiha
2172,بیلبورد محور آمل به بابل,بابل,محور آمل به بابل، زرگر محله، قبل از کمربندی قائمهشر,محور آمل به بابل، زرگر محله، قبل از کمربندی قائمهشر,billboardiha
2171,بیلبورد محور بابل به سمت آمل,بابل,محور بابل به سمت آمل، انتهای زرگر محله,محور بابل به سمت آمل، انتهای زرگر محله,billboardiha
2159,بیلبورد کمربندی امیرکلا,بابل,کمربندی امیرکلا از بابلسر، روبروی حسینیه نینوا,کمربندی امیرکلا از بابلسر، روبروی حسینیه نینوا,billboardiha
2160,بیلبورد کمربندی امیرکلا,بابل,کمربندی امیرکلا به بابلسر، روبروی حسینیه نینوا,کمربندی امیرکلا به بابلسر، روبروی حسینیه نینوا,billboardiha
2164,بیلبورد کمربندی امیرکلا,بابل,کمربندی امیرکلا، بسمت بابلسر، روبروی املاک آزادگان,کمربندی امیرکلا، بسمت بابلسر، روبروی املاک آزادگان,billboardiha
2168,بیلبورد کمربندی امیرکلا,بابل,کمربندی امیرکلا، بسمت بابلسر، روبروی باغ ملل,کمربندی امیرکلا، بسمت بابلسر، روبروی باغ ملل,billboardiha
2161,بیلبورد کمربندی امیرکلا,بابل,کمربندی امیرکلا، بعد از میدان نارنجستان، از بابلسر به بابل,کمربندی امیرکلا، بعد از میدان نارنجستان، از بابلسر به بابل,billboardiha
2166,بیلبورد دوطرفه کمربندی امیرکلا,بابل,کمربندی امیرکلا، محور بابل به بابلسر، روبروی ایستگاه گاز,کمربندی امیرکلا، محور بابل به بابلسر، روبروی ایستگاه گاز,billboardiha
2162,بیلبورد کمربندی امیرکلا,بابل,کمربندی امیرکلا، نرسیده به میدان نارنجستان به سمت بابلسر,کمربندی امیرکلا، نرسیده به میدان نارنجستان به سمت بابلسر,billboardiha
2155,بیلبورد کمربندی بابلسر,بابلسر,کمربندی ازخزرشهر، به بابل روبروی تالار طلائیه,کمربندی ازخزرشهر، به بابل روبروی تالار طلائیه,billboardiha
3073,بیلبورد میدان دولت,بجنورد,میدان دولت، جنب پارک آفرینش,میدان دولت، جنب پارک آفرینش,billboardiha
3069,بیلبورد چهارراه پانزده خرداد,بجنورد,چهارراه پانزده خرداد (قیام) ضلع جنوب غربی,چهارراه پانزده خرداد (قیام) ضلع جنوب غربی,billboardiha
3070,بیلبورد چهارراه پانزده خرداد,بجنورد,چهارراه پانزده خرداد (قیام) ضلع شمال شرقی,چهارراه پانزده خرداد (قیام) ضلع شمال شرقی,billboardiha
1552,بیلبورد بلوار ساحلی,بندرعباس,انتهای بلوار ساحلی، درب تالار شهید آوینی,انتهای بلوار ساحلی، درب تالار شهید آوینی,billboardiha
1551,بیلبورد بلوار امام خمینی,بندرعباس,بلوار امام خمینی، جنب پارک دباغیان، دید شرق به غرب,بلوار امام خمینی، جنب پارک دباغیان، دید شرق به غرب,billboardiha
1550,بلوار  سید جمال الدین اسد آبادی,بندرعباس,خیابان سید جمال، کنار مدرسه سایانی,خیابان سید جمال، کنار مدرسه سایانی,billboardiha
2212,بیلبورد فرودگاه بین المللی بندر عباس,بندرعباس,فرودگاه بین المللی بندر عباس، سالن عمومی ترمینال 2، پیشانی طبقه اول,فرودگاه بین المللی بندر عباس، سالن عمومی ترمینال 2، پیشانی طبقه اول,billboardiha
1368,بیلبورد ایستگاه میدان برج,بوشهر,ایستگاه میدان برج  - راست,ایستگاه میدان برج  - راست,billboardiha
1369,بیلبورد ایستگاه میدان برج,بوشهر,ایستگاه میدان برج - چپ,ایستگاه میدان برج - چپ,billboardiha
1120,بیلبورد بلوار سیراف,بوشهر,بلوار سیراف، حدفاصل میدان فناوری و گمرک,بلوار سیراف، حدفاصل میدان فناوری و گمرک,billboardiha
1373,بیلبورد خیابان ساحلی,بوشهر,خیابان ساحلی، میدان نیرو هوایی,خیابان ساحلی، میدان نیرو هوایی,billboardiha
1125,بیلبورد سه راه پتروشیمی,بوشهر,سه راه پتروشیمی,سه راه پتروشیمی,billboardiha
1133,بیلبورد سه راه پتروشیمی,بوشهر,سه راه پتروشیمی,سه راه پتروشیمی,billboardiha
1123,بیلبورد سه راه پتروشیمی,بوشهر,سه راه پتروشیمی (خروجی),سه راه پتروشیمی (خروجی),billboardiha
1126,بیلبورد سه راه پتروشیمی,بوشهر,سه راه پتروشیمی (خروجی),سه راه پتروشیمی (خروجی),billboardiha
1124,بیلبورد سه راه پتروشیمی,بوشهر,سه راه پتروشیمی (ورودی),سه راه پتروشیمی (ورودی),billboardiha
1127,بیلبورد سه راه پتروشیمی,بوشهر,سه راه پتروشیمی (ورودی),سه راه پتروشیمی (ورودی),billboardiha
1332,بیلبورد فرودگاه بین المللی بوشهر,بوشهر,فرودگاه بین المللی بوشهر، سالن ترانزیت (ورودی به سالن),فرودگاه بین المللی بوشهر، سالن ترانزیت (ورودی به سالن),billboardiha
1325,بیلبورد فرودگاه بین المللی بوشهر,بوشهر,فرودگاه بین المللی بوشهر، سالن ترانزیت (پیشانی درب ورود به باند),فرودگاه بین المللی بوشهر، سالن ترانزیت (پیشانی درب ورود به باند),billboardiha
1342,بیلبورد فرودگاه بین المللی بوشهر,بوشهر,فرودگاه بین المللی بوشهر، سالن عمومی (پیشانی درب خروج سالن ورودی),فرودگاه بین المللی بوشهر، سالن عمومی (پیشانی درب خروج سالن ورودی),billboardiha
1336,بیلبورد فرودگاه بین المللی بوشهر,بوشهر,فرودگاه بین المللی بوشهر، سالن عمومی (پیشانی درب ورودی - سمت راست),فرودگاه بین المللی بوشهر، سالن عمومی (پیشانی درب ورودی - سمت راست),billboardiha
1337,بیلبورد فرودگاه بین المللی بوشهر,بوشهر,فرودگاه بین المللی بوشهر، سالن عمومی (پیشانی درب ورودی),فرودگاه بین المللی بوشهر، سالن عمومی (پیشانی درب ورودی),billboardiha
1338,بیلبورد فرودگاه بین المللی بوشهر,بوشهر,فرودگاه بین المللی بوشهر، سالن عمومی (پیشانی درب ورودی),فرودگاه بین المللی بوشهر، سالن عمومی (پیشانی درب ورودی),billboardiha
1339,بیلبورد فرودگاه بین المللی بوشهر,بوشهر,فرودگاه بین المللی بوشهر، سالن عمومی (پیشانی درب ورودی),فرودگاه بین المللی بوشهر، سالن عمومی (پیشانی درب ورودی),billboardiha
1335,بیلبورد فرودگاه بین المللی بوشهر,بوشهر,فرودگاه بین المللی بوشهر، سالن عمومی (پیشانی گیت ورودی به ترانزیت),فرودگاه بین المللی بوشهر، سالن عمومی (پیشانی گیت ورودی به ترانزیت),billboardiha
1353,بیلبورد فرودگاه بین المللی بوشهر,بوشهر,فرودگاه بین المللی بوشهر، سالن ورودی (بالای تسمه نقاله),فرودگاه بین المللی بوشهر، سالن ورودی (بالای تسمه نقاله),billboardiha
1354,بیلبورد فرودگاه بین المللی بوشهر,بوشهر,فرودگاه بین المللی بوشهر، سالن ورودی (بالای تسمه نقاله),فرودگاه بین المللی بوشهر، سالن ورودی (بالای تسمه نقاله),billboardiha
1355,بیلبورد فرودگاه بین المللی بوشهر,بوشهر,فرودگاه بین المللی بوشهر، سالن ورودی (پیشانی درب خروج مسافرین),فرودگاه بین المللی بوشهر، سالن ورودی (پیشانی درب خروج مسافرین),billboardiha
1356,بیلبورد فرودگاه بین المللی بوشهر,بوشهر,فرودگاه بین المللی بوشهر، فضای بیرونی (پارکینگ)، بلوار اصلی، مسیر فرودگاه به سمت شهر,فرودگاه بین المللی بوشهر، فضای بیرونی (پارکینگ)، بلوار اصلی، مسیر فرودگاه به سمت شهر,billboardiha
1357,بیلبورد فرودگاه بین المللی بوشهر,بوشهر,فرودگاه بین المللی بوشهر، فضای بیرونی (پارکینگ)، بلوار اصلی، مسیر فرودگاه به سمت شهر,فرودگاه بین المللی بوشهر، فضای بیرونی (پارکینگ)، بلوار اصلی، مسیر فرودگاه به سمت شهر,billboardiha
1358,بیلبورد فرودگاه بین المللی بوشهر,بوشهر,فرودگاه بین المللی بوشهر، فضای بیرونی (پارکینگ)، بلوار اصلی، مسیر فرودگاه به سمت شهر,فرودگاه بین المللی بوشهر، فضای بیرونی (پارکینگ)، بلوار اصلی، مسیر فرودگاه به سمت شهر,billboardiha
1371,بیلبورد میدان حر,بوشهر,میدان حر، دید از میدان,میدان حر، دید از میدان,billboardiha
1372,بیلبورد میدان رفاه,بوشهر,میدان رفاه (جنب سینما شهید آوینی),میدان رفاه (جنب سینما شهید آوینی),billboardiha
1112,بیلبورد میدان شهید امینی,بوشهر,میدان شهید امینی,میدان شهید امینی,billboardiha
1119,بیلبورد میدان فرودگاه,بوشهر,میدان فرودگاه,میدان فرودگاه,billboardiha
1117,بیلبورد میدان فناوری,بوشهر,میدان فناوری,میدان فناوری,billboardiha
1116,بیلبورد میدان فناوری,بوشهر,میدان فناوری به سمت اتوبان,میدان فناوری به سمت اتوبان,billboardiha
1114,بیلبورد میدان ملل,بوشهر,میدان ملل,میدان ملل,billboardiha
1113,بیلبورد میدان پاسارگاد,بوشهر,میدان پاسارگاد,میدان پاسارگاد,billboardiha
1118,بیلبورد میدان پتروشیمی,بوشهر,میدان پتروشیمی,میدان پتروشیمی,billboardiha
1115,بیلبورد میدان کاکتوس,بوشهر,میدان کاکتوس,میدان کاکتوس,billboardiha
1111,بیلبورد میدان گاز,بوشهر,میدان گاز,میدان گاز,billboardiha
2222,بیلبورد کنگان - عسلویه,بوشهر,کیلومتر 15 (کنگان - عسلویه، قبل از فاز 13),کیلومتر 15 (کنگان - عسلویه، قبل از فاز 13),billboardiha
2220,بیلبورد عسلویه - کنگان,بوشهر,کیلومتر 38 (عسلویه - کنگان),کیلومتر 38 (عسلویه - کنگان),billboardiha
2221,بیلبورد عسلویه - کنگان,بوشهر,کیلومتر 4 (عسلویه - کنگان، سه راه پتروشیمی),کیلومتر 4 (عسلویه - کنگان، سه راه پتروشیمی),billboardiha
3185,بیلبورد اتوبان پاسداران,تبریز,اتوبان پاسداران، مسیر رفت به فهمیده بعد از دانشگاه آزاد,اتوبان پاسداران، مسیر رفت به فهمیده بعد از دانشگاه آزاد,billboardiha
3196,بیلبورد بلوار استاد شهریار,تبریز,بلوار استاد شهریار، سه راه گلکار، مسیر رفت به ولیعصر,بلوار استاد شهریار، سه راه گلکار، مسیر رفت به ولیعصر,billboardiha
3194,بیلبورد تقاطع شریعتی و 17شهریور,تبریز,تقاطع شریعتی و 17شهریور,تقاطع شریعتی و 17شهریور,billboardiha
2066,بیلبورد خروجی اردبیل,تبریز,خروجی اردبیل به تبریز و سرعین (تپه نادری),خروجی اردبیل به تبریز و سرعین (تپه نادری),billboardiha
1315,بیلبورد فرودگاه بین المللی تبریز,تبریز,فرودگاه بین المللی تبریز، سالن ترانزیت پرواز های داخلی,فرودگاه بین المللی تبریز، سالن ترانزیت پرواز های داخلی,billboardiha
1314,بیلبورد بک لایت فرودگاه بین المللی تبریز,تبریز,فرودگاه بین المللی تبریز، مابین تسمه نقاله سالن پرواز های داخلی,فرودگاه بین المللی تبریز، مابین تسمه نقاله سالن پرواز های داخلی,billboardiha
3168,بیلبورد فرودگاه (بک لایت),تبریز,فرودگاه، راهروی اصلی فرودگاه دید از سالن 3 و 4,فرودگاه، راهروی اصلی فرودگاه دید از سالن 3 و 4,billboardiha
3167,بیلبورد فرودگاه (بک لایت),تبریز,فرودگاه، سالن اصلی دیوار غربی تاج راهروی ترمینال 4 به 3,فرودگاه، سالن اصلی دیوار غربی تاج راهروی ترمینال 4 به 3,billboardiha
3165,بیلبورد فرودگاه (بک لایت),تبریز,فرودگاه، سرتاج ورودی اصلی فرودگاه 1,فرودگاه، سرتاج ورودی اصلی فرودگاه 1,billboardiha
3164,بیلبورد فرودگاه (بک لایت),تبریز,فرودگاه، سرتاج ورودی اصلی فرودگاه 2,فرودگاه، سرتاج ورودی اصلی فرودگاه 2,billboardiha
3192,بیلبورد میدان خلبان شکاری,تبریز,میدان خلبان شکاری، مسیر رفت به فرودگاه,میدان خلبان شکاری، مسیر رفت به فرودگاه,billboardiha
1897,بیلبورد میدان فهمیده,تبریز,میدان فهمیده، به طرف ولیعصر,میدان فهمیده، به طرف ولیعصر,billboardiha
2067,بیلبورد ورودی اردبیل,تبریز,ورودی اردبیل از تبریز و سرعین (تپه نادری),ورودی اردبیل از تبریز و سرعین (تپه نادری),billboardiha
3195,بیلبورد چایکنار,تبریز,چایکنار، روبروی قنادی کریمی، رفت به ولیعصر,چایکنار، روبروی قنادی کریمی، رفت به ولیعصر,billboardiha
2658,بیلبورد میدان مختو مقلی,ترکمن,مرکز شهر، میدان مختو مقلی، دید از داخل میدان,مرکز شهر، میدان مختو مقلی، دید از داخل میدان,billboardiha
1977,بیلبورد نشتارود,تنکابن,نشتارود، بعد از شرکت پارس نئوپان، شماره 1، دید از شرق به غرب,نشتارود، بعد از شرکت پارس نئوپان، شماره 1، دید از شرق به غرب,billboardiha
1959,بیلبورد نشتارود,تنکابن,نشتارود، جنب روستای شمس آباد، شماره 1,نشتارود، جنب روستای شمس آباد، شماره 1,billboardiha
1961,بیلبورد نشتارود,تنکابن,نشتارود، روبه روی رستوران حیدر بابا، شماره 1,نشتارود، روبه روی رستوران حیدر بابا، شماره 1,billboardiha
1960,بیلبورد نشتارود,تنکابن,نشتارود، روبه روی رستوران حیدر بابا، شماره 2,نشتارود، روبه روی رستوران حیدر بابا، شماره 2,billboardiha
1976,بیلبورد نشتارود,تنکابن,نشتارود، قبل از شرکت پارس نئوپان، شماره 2، دید از غرب به شرق,نشتارود، قبل از شرکت پارس نئوپان، شماره 2، دید از غرب به شرق,billboardiha
2774,بیلبورد اتوبان قم به تهران,تهران,14.7 کیلومتر از اتوبان قم به تهران,14.7 کیلومتر از اتوبان قم به تهران,billboardiha
2775,بیلبورد اتوبان قم به تهران,تهران,15.7 کیلومتر از اتوبان قم به تهران,15.7 کیلومتر از اتوبان قم به تهران,billboardiha
2776,بیلبورد اتوبان قم به تهران,تهران,16 کیلومتر از اتوبان قم به تهران,16 کیلومتر از اتوبان قم به تهران,billboardiha
2777,بیلبورد اتوبان قم به تهران,تهران,16.7 کیلومتر از اتوبان قم به تهران,16.7 کیلومتر از اتوبان قم به تهران,billboardiha
2780,بیلبورد اتوبان قم به تهران,تهران,20.5 کیلومتر از اتوبان قم به تهران,20.5 کیلومتر از اتوبان قم به تهران,billboardiha
2782,بیلبورد اتوبان قم به تهران,تهران,22.2 کیلومتر از اتوبان قم به تهران,22.2 کیلومتر از اتوبان قم به تهران,billboardiha
2785,بیلبورد اتوبان قم به تهران,تهران,23.8 کیلومتر از اتوبان قم به تهران,23.8 کیلومتر از اتوبان قم به تهران,billboardiha
2786,بیلبورد اتوبان قم به تهران,تهران,24.4 کیلومتر از اتوبان قم به تهران,24.4 کیلومتر از اتوبان قم به تهران,billboardiha
2788,بیلبورد اتوبان قم به تهران,تهران,26.7 کیلومتر از اتوبان قم به تهران,26.7 کیلومتر از اتوبان قم به تهران,billboardiha
2789,بیلبورد اتوبان قم به تهران,تهران,27.7 کیلومتر از اتوبان قم به تهران,27.7 کیلومتر از اتوبان قم به تهران,billboardiha
2790,بیلبورد اتوبان قم به تهران,تهران,28.1 کیلومتر از اتوبان قم به تهران,28.1 کیلومتر از اتوبان قم به تهران,billboardiha
2791,بیلبورد اتوبان قم به تهران,تهران,28.8 کیلومتر از اتوبان قم به تهران,28.8 کیلومتر از اتوبان قم به تهران,billboardiha
2794,بیلبورد اتوبان قم به تهران,تهران,30.7 کیلومتر از اتوبان قم به تهران,30.7 کیلومتر از اتوبان قم به تهران,billboardiha
2795,بیلبورد اتوبان قم به تهران,تهران,31.3 کیلومتر از اتوبان قم به تهران,31.3 کیلومتر از اتوبان قم به تهران,billboardiha
2796,بیلبورد اتوبان قم به تهران,تهران,31.6 کیلومتر از اتوبان قم به تهران,31.6 کیلومتر از اتوبان قم به تهران,billboardiha
2798,بیلبورد اتوبان قم به تهران,تهران,32.7 کیلومتر از اتوبان قم به تهران,32.7 کیلومتر از اتوبان قم به تهران,billboardiha
2804,بیلبورد اتوبان قم به تهران,تهران,37 کیلومتر از اتوبان قم به تهران,37 کیلومتر از اتوبان قم به تهران,billboardiha
2805,بیلبورد اتوبان قم به تهران,تهران,37.5 کیلومتر از اتوبان قم به تهران,37.5 کیلومتر از اتوبان قم به تهران,billboardiha
2806,بیلبورد اتوبان قم به تهران,تهران,38.3 کیلومتر از اتوبان قم به تهران,38.3 کیلومتر از اتوبان قم به تهران,billboardiha
2808,بیلبورد اتوبان قم به تهران,تهران,40 کیلومتر از اتوبان قم به تهران,40 کیلومتر از اتوبان قم به تهران,billboardiha
2811,بیلبورد اتوبان قم به تهران,تهران,41.9 کیلومتر از اتوبان قم به تهران,41.9 کیلومتر از اتوبان قم به تهران,billboardiha
2813,بیلبورد اتوبان قم به تهران,تهران,43.4 کیلومتر از اتوبان قم به تهران,43.4 کیلومتر از اتوبان قم به تهران,billboardiha
2815,بیلبورد اتوبان قم به تهران,تهران,45 کیلومتر از اتوبان قم به تهران,45 کیلومتر از اتوبان قم به تهران,billboardiha
2817,بیلبورد اتوبان قم به تهران,تهران,47 کیلومتر از اتوبان قم به تهران,47 کیلومتر از اتوبان قم به تهران,billboardiha
2818,بیلبورد  اتوبان قم به تهران,تهران,47.7 کیلومتر از اتوبان قم به تهران,47.7 کیلومتر از اتوبان قم به تهران,billboardiha
2820,بیلبورد اتوبان قم به تهران,تهران,48.9 کیلومتر از اتوبان قم به تهران,48.9 کیلومتر از اتوبان قم به تهران,billboardiha
2822,بیلبورد اتوبان قم به تهران,تهران,51.7 کیلومتر از اتوبان قم به تهران,51.7 کیلومتر از اتوبان قم به تهران,billboardiha
2823,بیلبورد اتوبان قم به تهران,تهران,52.6 کیلومتر از اتوبان قم به تهران,52.6 کیلومتر از اتوبان قم به تهران,billboardiha
2828,بیلبورد اتوبان قم به تهران,تهران,54.4 کیلومتری اتوبان قم به تهران,54.4 کیلومتری اتوبان قم به تهران,billboardiha
2827,بیلبورد اتوبان قم به تهران,تهران,55.4 کیلومتری اتوبان قم به تهران,55.4 کیلومتری اتوبان قم به تهران,billboardiha
2825,بیلبورد اتوبان قم به تهران,تهران,58.3 کیلومتری اتوبان قم به تهران,58.3 کیلومتری اتوبان قم به تهران,billboardiha
1641,بیلبورد خیابان ملاصدرا,تهران,ابتدای خیابان ملاصدرا، ضلع جنوب غربی خیابان پردیس,ابتدای خیابان ملاصدرا، ضلع جنوب غربی خیابان پردیس,billboardiha
2875,بیلبورد خیابان کامرانیه,تهران,ابتدای خیابان کامرانیه، نبش خیابان بهمن پور، داخل لچکی,ابتدای خیابان کامرانیه، نبش خیابان بهمن پور، داخل لچکی,billboardiha
1775,بیلبورد اتوبان اصفهان - تهران,تهران,اتوبان اصفهان - تهران (آزادگان)، 1 کیلومتری پلیس راه، به سمت اصفهان,اتوبان اصفهان - تهران (آزادگان)، 1 کیلومتری پلیس راه، به سمت اصفهان,billboardiha
1774,بیلبورد اتوبان اصفهان - تهران,تهران,اتوبان اصفهان - تهران (آزادگان)، 500 متری پلیس راه، به سمت تهران,اتوبان اصفهان - تهران (آزادگان)، 500 متری پلیس راه، به سمت تهران,billboardiha
1773,بیلبورد اتوبان اصفهان - تهران,تهران,اتوبان اصفهان - تهران (آزادگان)، 600متری پلیس راه، به سمت تهران,اتوبان اصفهان - تهران (آزادگان)، 600متری پلیس راه، به سمت تهران,billboardiha
1779,بیلبورد اتوبان اصفهان - تهران,تهران,اتوبان اصفهان - تهران (معلم)، به سمت اصفهان، بعد از پمپ بنزین کیمیا,اتوبان اصفهان - تهران (معلم)، به سمت اصفهان، بعد از پمپ بنزین کیمیا,billboardiha
1780,بیلبورد اتوبان اصفهان - تهران,تهران,اتوبان اصفهان - تهران (معلم)، به سمت اصفهان، قبل از پل خورزوق,اتوبان اصفهان - تهران (معلم)، به سمت اصفهان، قبل از پل خورزوق,billboardiha
1782,بیلبورد اتوبان اصفهان - تهران,تهران,اتوبان اصفهان - تهران (معلم)، به سمت اصفهان، قبل از پل شاهین شهر,اتوبان اصفهان - تهران (معلم)، به سمت اصفهان، قبل از پل شاهین شهر,billboardiha
1783,بیلبورد اتوبان اصفهان - تهران,تهران,اتوبان اصفهان - تهران (معلم)، به سمت اصفهان، قبل از پل شاهین شهر، جنب مجموعه گردشگری شاهین شهر,اتوبان اصفهان - تهران (معلم)، به سمت اصفهان، قبل از پل شاهین شهر، جنب مجموعه گردشگری شاهین شهر,billboardiha
1781,بیلبورد اتوبان اصفهان - تهران,تهران,اتوبان اصفهان - تهران (معلم)، به سمت اصفهان، قبل از پل گز,اتوبان اصفهان - تهران (معلم)، به سمت اصفهان، قبل از پل گز,billboardiha
1785,بیلبورد اتوبان اصفهان - تهران,تهران,اتوبان اصفهان - تهران (معلم)، به سمت تهران، قبل از پل خورزوق,اتوبان اصفهان - تهران (معلم)، به سمت تهران، قبل از پل خورزوق,billboardiha
1784,بیلبورد اتوبان اصفهان - تهران,تهران,اتوبان اصفهان - تهران (معلم)، به سمت تهران، قبل از پل شاهین شهر,اتوبان اصفهان - تهران (معلم)، به سمت تهران، قبل از پل شاهین شهر,billboardiha
3639,عرشه پل اتوبان دستجردی تقاطع الفت نظری,تهران,اتوبان دستجردی تقاطع الفت نظری,اتوبان دستجردی تقاطع الفت نظری,irbillboard
1548,بیلبورد دو وجهی اتوبان نیایش,تهران,اتوبان نیایش، نرسیده به خروجی کردستان,اتوبان نیایش، نرسیده به خروجی کردستان,billboardiha
2874,بیلبورد الهیه,تهران,الهیه، جنب مدرن الهیه، نرسیده به اتوبان مدرس,الهیه، جنب مدرن الهیه، نرسیده به اتوبان مدرس,billboardiha
3670,بیلبورد امام علی بعد از ورودی زین الدین شرقی,تهران,امام علی، شمال به جنوب، بعد از ورودی زین الدین شرقی,امام علی، شمال به جنوب، بعد از ورودی زین الدین شرقی,irbillboard
3781,ایستگاه اتوبوس خیابان شهید بهشتی، جنب تامین اجتماعی,تهران,ایستگاه اتوبوس خیابان شهید بهشتی، جنب تامین اجتماعی، باند جنوبی,ایستگاه اتوبوس خیابان شهید بهشتی، جنب تامین اجتماعی، باند جنوبی,irbillboard
3711,ایستگاه اتوبوس خیابان شهید بهشتی، جنب سرم سازی,تهران,ایستگاه اتوبوس خیابان شهید بهشتی، جنب سرم سازی,ایستگاه اتوبوس خیابان شهید بهشتی، جنب سرم سازی,irbillboard
3642,ایستگاه اتوبوس خیابان شهید بهشتی، روبروی تامین اجتماعی شعبه حصارک,تهران,ایستگاه اتوبوس خیابان شهید بهشتی، روبروی تامین اجتماعی شعبه حصارک، باند شمالی,ایستگاه اتوبوس خیابان شهید بهشتی، روبروی تامین اجتماعی شعبه حصارک، باند شمالی,irbillboard
3737,ایستگاه اتوبوس خیابان شهید بهشتی، سر خیابان انقلاب,تهران,ایستگاه اتوبوس خیابان شهید بهشتی، سر خیابان انقلاب، باند جنوبی,ایستگاه اتوبوس خیابان شهید بهشتی، سر خیابان انقلاب، باند جنوبی,irbillboard
3721,ایستگاه اتوبوس خیابان شهید بهشتی، نرسیده به سرم سازی,تهران,ایستگاه اتوبوس خیابان شهید بهشتی، نرسیده به سرم سازی، رو به روی خیابان انقلاب,ایستگاه اتوبوس خیابان شهید بهشتی، نرسیده به سرم سازی، رو به روی خیابان انقلاب,irbillboard
2842,بیلبورد باشگاه انقلاب,تهران,باشگاه انقلاب، ضلع جنوب زمین چمن مصنوعی,باشگاه انقلاب، ضلع جنوب زمین چمن مصنوعی,billboardiha
2856,بیلبورد بزرگراه آزادگان,تهران,بزرگراه آزادگان، مسیر شمال به جنوب، بعد از جاده مخصوص، جنب پمپ بنزین شهرک استقلال,بزرگراه آزادگان، مسیر شمال به جنوب، بعد از جاده مخصوص، جنب پمپ بنزین شهرک استقلال,billboardiha
1856,بیلبورد بزرگراه رسالت,تهران,بزرگراه رسالت، غرب به شرق، رمپ ورودی صیاد شمال و جنوب، وجه غربی,بزرگراه رسالت، غرب به شرق، رمپ ورودی صیاد شمال و جنوب، وجه غربی,billboardiha
2487,بیلبورد بزرگراه مدرس,تهران,بزرگراه مدرس، بعد از پل مطهري نرسیده به هفت تیر، شمال به جنوب,بزرگراه مدرس، بعد از پل مطهري نرسیده به هفت تیر، شمال به جنوب,billboardiha
3014,بیلبورد بزرگراه مدرس,تهران,بزرگراه مدرس، بعد از پل مطهری نرسیده به هفت تیر، شمال به جنوب,بزرگراه مدرس، بعد از پل مطهری نرسیده به هفت تیر، شمال به جنوب,billboardiha
1872,بیلبورد بزرگراه مدرس,تهران,بزرگراه مدرس، جنوب به شمال، قبل از ورودی الهیه، وجه جنوبی,بزرگراه مدرس، جنوب به شمال، قبل از ورودی الهیه، وجه جنوبی,billboardiha
2969,بیلبورد بزرگراه مدرس,تهران,بزرگراه مدرس، مسیر جنوب به شمال، بعد از تقاطع ظفر تقاطع آرش (بالاتر از ظفر),بزرگراه مدرس، مسیر جنوب به شمال، بعد از تقاطع ظفر تقاطع آرش (بالاتر از ظفر),billboardiha
1857,بیلبورد بزرگراه نیایش,تهران,بزرگراه نیایش، شرق به غرب، قبل از پل سواره رو فرهنگ، وجه شرقی,بزرگراه نیایش، شرق به غرب، قبل از پل سواره رو فرهنگ، وجه شرقی,billboardiha
2946,بیلبورد بزرگراه نیایش (فلکسی),تهران,بزرگراه نیایش، شرق به غرب، ورودی سعادت آباد (میدان سرو),بزرگراه نیایش، شرق به غرب، ورودی سعادت آباد (میدان سرو),billboardiha
2480,بیلبورد بزرگراه نیایش,تهران,بزرگراه نیایش، نرسیده به پل سعادت آباد، غرب به شرق,بزرگراه نیایش، نرسیده به پل سعادت آباد، غرب به شرق,billboardiha
2886,بیلبورد بزرگراه نیایش,تهران,بزرگراه نیایش، پل پاکنژاد، غرب به شرق,بزرگراه نیایش، پل پاکنژاد، غرب به شرق,billboardiha
2895,بیلبورد بزرگراه همت,تهران,بزرگراه همت، مسیر شرق به غرب، نرسیده به پل یادگار امام قبل از پل عابر قوسی,بزرگراه همت، مسیر شرق به غرب، نرسیده به پل یادگار امام قبل از پل عابر قوسی,billboardiha
2956,بیلبورد بزرگراه چمران (فلکسی),تهران,بزرگراه چمران، مسیر جنوب به شمال، بعد از همایش صدا و سیما,بزرگراه چمران، مسیر جنوب به شمال، بعد از همایش صدا و سیما,billboardiha
2955,بیلبورد بزرگراه چمران,تهران,بزرگراه چمران، مسیر جنوب به شمال، روبروی پمپ بنزین خیابان ولنجک,بزرگراه چمران، مسیر جنوب به شمال، روبروی پمپ بنزین خیابان ولنجک,billboardiha
10,عرشه پل بزرگراه چمران,تهران,منطقه ۱,بزرگراه چمران، پل ورودی از اتوبان همت,
1956,بیلبورد بزرگراه کربلا,تهران,بزرگراه کربلا، شهر بیستون، مقابل اثار باستانی (به سمت تهران),بزرگراه کربلا، شهر بیستون، مقابل اثار باستانی (به سمت تهران),billboardiha
1955,بیلبورد بزرگراه کربلا,تهران,بزرگراه کربلا، شهر بیستون، مقابل کارخانه قند (به سمت تهران),بزرگراه کربلا، شهر بیستون، مقابل کارخانه قند (به سمت تهران),billboardiha
3041,بیلبورد بزرگراه یادگار امام,تهران,بزرگراه یادگار امام، جنوب به شمال، مقابل شهرک پاسارگاد لچکی بلوار فرحزادی,بزرگراه یادگار امام، جنوب به شمال، مقابل شهرک پاسارگاد لچکی بلوار فرحزادی,billboardiha
2949,بیلبورد بزرگراه یادگار امام,تهران,بزرگراه یادگار امام، مسیر شمال به جنوب، بعد از ورودی فرحزاد قبل از خروجی کوهستان,بزرگراه یادگار امام، مسیر شمال به جنوب، بعد از ورودی فرحزاد قبل از خروجی کوهستان,billboardiha
1859,بیلبورد بلوار اندرزگو,تهران,بلوار اندرزگو، شرق به غرب، نبش خیابان دانیالی، وجه شرقی,بلوار اندرزگو، شرق به غرب، نبش خیابان دانیالی، وجه شرقی,billboardiha
3709,بیلبورد بلوار ساحل شرقی حد فاصل پل هفتم و تقاطع خرمکوشک,تهران,بلوار ساحل شرقی،حد فاصل پل هفتم و تقاطع خرمکوشک,بلوار ساحل شرقی،حد فاصل پل هفتم و تقاطع خرمکوشک,irbillboard
3790,بیلبورد بلوار ساحلی غربی نبش 13 شرقی,تهران,بلوار ساحلی غربی، نبش 13 شرقی,بلوار ساحلی غربی، نبش 13 شرقی,irbillboard
3725,بیلبورد بلوار ساحلی غربی نبش خیابان 5 شرقی,تهران,بلوار ساحلی غربی، نبش خیابان 5 شرقی,بلوار ساحلی غربی، نبش خیابان 5 شرقی,irbillboard
2911,بیلبورد بلوار فرودگاه,تهران,بلوار فرودگاه (از بزرگراه خلیج فارس به سمت فرودگاه),بلوار فرودگاه (از بزرگراه خلیج فارس به سمت فرودگاه),billboardiha
3712,بیلبورد بلوار پاسداران ضلع شمال شرقی,تهران,بلوار پاسداران، ضلع شمال شرقی، میدان فرودگاه,بلوار پاسداران، ضلع شمال شرقی، میدان فرودگاه,irbillboard
3663,بیلبورد بلوار گلستان ضلع جنوبی,تهران,بلوار گلستان، ضلع جنوبی، میدان کارگر,بلوار گلستان، ضلع جنوبی، میدان کارگر,irbillboard
3770,بیلبورد بلوار گلستان میدان کارگر,تهران,بلوار گلستان، میدان کارگر,بلوار گلستان، میدان کارگر,irbillboard
3678,بیلبورد ها,تهران,—,بیلبورد ها,irbillboard
3682,تابلو ورودی A فدک مال,تهران,تابلو ورودی - ورودی A فدک مال,تابلو ورودی - ورودی A فدک مال,irbillboard
3646,تابلو پیشانی پله برقی فودکورت سیتی سنتر,تهران,تابلو پیشانی پله برقی فودکورت سیتی سنتر,تابلو پیشانی پله برقی فودکورت سیتی سنتر,irbillboard
3697,تابلوهای داخل کابین آسانسور سیتی سنتر,تهران,"تابلوهای داخل کابین آسانسور سیتی سنتر (N1, N2, N3)","تابلوهای داخل کابین آسانسور سیتی سنتر (N1, N2, N3)",irbillboard
3,عرشه پل صدر — تقاطع مدرس,تهران,منطقه ۳,تقاطع بزرگراه صدر و بزرگراه مدرس، عرشه جنوبی,
2101,بیلبورد نوشهر,تهران,تهران به شمال، ابتدای کمربندی نوشهر,تهران به شمال، ابتدای کمربندی نوشهر,billboardiha
3492,بیلبورد تهران به کرج,تهران,تهران به کرج ورودی کلاک به سمت چالوس دید اتوبانی(عمودی),تهران به کرج ورودی کلاک به سمت چالوس دید اتوبانی(عمودی),billboardiha
3064,بیلبورد جاده آسیایی بجنورد - تهران,تهران,جاده آسیایی بجنورد - تهران، کیلومتر2 (روبروی دوراهی بیدک),جاده آسیایی بجنورد - تهران، کیلومتر2 (روبروی دوراهی بیدک),billboardiha
2626,بیلبورد شهر کردکوی,تهران,جاده اصلی - ابتدای شهر کردکوی از سمت مشهد، روبروی آهن فروشی چنگیزی، دید به سمت ساری یا تهران,جاده اصلی - ابتدای شهر کردکوی از سمت مشهد، روبروی آهن فروشی چنگیزی، دید به سمت ساری یا تهران,billboardiha
2635,بیلبورد شهر کردکوی,تهران,جاده اصلی - ابتدای شهر کردکوی، از سمت تهران، بعد از اولین بریدگی، دید به سمت گرگان یا مشهد,جاده اصلی - ابتدای شهر کردکوی، از سمت تهران، بعد از اولین بریدگی، دید به سمت گرگان یا مشهد,billboardiha
2627,بیلبورد شهر کردکوی,تهران,جاده اصلی - انتهای شهر کردکوی از سمت تهران، روبروی آهن فروشی چنگیزی، دید به سمت گرگان یا مشهد,جاده اصلی - انتهای شهر کردکوی از سمت تهران، روبروی آهن فروشی چنگیزی، دید به سمت گرگان یا مشهد,billboardiha
2634,بیلبورد شهر کردکوی,تهران,جاده اصلی - انتهای شهر کردکوی، از سمت مشهد قبل از آخرین بریدگی، دید به سمت ساری یا تهران,جاده اصلی - انتهای شهر کردکوی، از سمت مشهد قبل از آخرین بریدگی، دید به سمت ساری یا تهران,billboardiha
2601,بیلبورد بندرگز,تهران,جاده اصلی - بندرگز از سمت تهران، نزدیک میدان اصلی، دید به سمت گرگان یا مشهد,جاده اصلی - بندرگز از سمت تهران، نزدیک میدان اصلی، دید به سمت گرگان یا مشهد,billboardiha
2600,بیلبورد بندرگز,تهران,جاده اصلی - بندرگز از سمت مشهد، نزدیک میدان اصلی، دید به سمت سمت ساری یا تهران,جاده اصلی - بندرگز از سمت مشهد، نزدیک میدان اصلی، دید به سمت سمت ساری یا تهران,billboardiha
2602,بیلبورد بندرگز,تهران,جاده اصلی - بندرگز خروجی از سمت مشهد، روبروی پمپ سی ان جی، دید به سمت ساری یا تهران,جاده اصلی - بندرگز خروجی از سمت مشهد، روبروی پمپ سی ان جی، دید به سمت ساری یا تهران,billboardiha
2603,بیلبورد بندرگز,تهران,جاده اصلی - بندرگز ورودی از سمت تهران، روبروی پمپ سی ان جی، دید به سمت گرگان یا مشهد,جاده اصلی - بندرگز ورودی از سمت تهران، روبروی پمپ سی ان جی، دید به سمت گرگان یا مشهد,billboardiha
2599,بیلبورد بندرگز,تهران,جاده اصلی - خروجی شهر بندرگز از سمت تهران، روبروی پمپ بنزین، دید به سمت گرگان یا مشهد,جاده اصلی - خروجی شهر بندرگز از سمت تهران، روبروی پمپ بنزین، دید به سمت گرگان یا مشهد,billboardiha
2598,بیلبورد بندرگز,تهران,جاده اصلی - خروجی شهر بندرگز از سمت مشهد، روبروی پمپ بنزین، دید به سمت سمت ساری یا تهران,جاده اصلی - خروجی شهر بندرگز از سمت مشهد، روبروی پمپ بنزین، دید به سمت سمت ساری یا تهران,billboardiha
2639,بیلبورد شهر فاضل آباد,تهران,جاده اصلی - شهر فاضل آباد، خروجی از سمت تهران، دید به سمت گنبد یا مشهد,جاده اصلی - شهر فاضل آباد، خروجی از سمت تهران، دید به سمت گنبد یا مشهد,billboardiha
2640,بیلبورد شهر فاضل آباد,تهران,جاده اصلی - شهر فاضل آباد، خروجی از سمت مشهد، دید به سمت گرگان یا تهران,جاده اصلی - شهر فاضل آباد، خروجی از سمت مشهد، دید به سمت گرگان یا تهران,billboardiha
2641,بیلبورد شهر فاضل آباد,تهران,جاده اصلی - شهر فاضل آباد، ورودی از سمت تهران، دید به سمت گنبد یا مشهد,جاده اصلی - شهر فاضل آباد، ورودی از سمت تهران، دید به سمت گنبد یا مشهد,billboardiha
2638,بیلبورد شهر فاضل آباد,تهران,جاده اصلی - شهر فاضل آباد، ورودی از سمت مشهد، دید به سمت گرگان یا تهران,جاده اصلی - شهر فاضل آباد، ورودی از سمت مشهد، دید به سمت گرگان یا تهران,billboardiha
2633,بیلبورد شهر کردکوی,تهران,جاده اصلی - شهر کردکوی، از سمت تهران دقیقا قبل از میدان شهرداری، دید به سمت گرگان یا مشهد,جاده اصلی - شهر کردکوی، از سمت تهران دقیقا قبل از میدان شهرداری، دید به سمت گرگان یا مشهد,billboardiha
2625,بیلبورد شهر کردکوی,تهران,جاده اصلی - شهر کردکوی، خروجی از سمت تهران روبروی مسجد، دید به سمت گرگان یا مشهد,جاده اصلی - شهر کردکوی، خروجی از سمت تهران روبروی مسجد، دید به سمت گرگان یا مشهد,billboardiha
2637,بیلبورد شهر کردکوی,تهران,جاده اصلی - شهر کردکوی، خروجی از سمت تهران، روبروی چلو جوجه کلبادی، دید به سمت گرگان یا مشهد,جاده اصلی - شهر کردکوی، خروجی از سمت تهران، روبروی چلو جوجه کلبادی، دید به سمت گرگان یا مشهد,billboardiha
2636,بیلبورد شهر کردکوی,تهران,جاده اصلی - شهر کردکوی، خروجی از سمت مشهد، روبروی چلو جوجه کلبادی، دید به سمت ساری یا تهران,جاده اصلی - شهر کردکوی، خروجی از سمت مشهد، روبروی چلو جوجه کلبادی، دید به سمت ساری یا تهران,billboardiha
2632,بیلبورد شهر کردکوی,تهران,جاده اصلی - شهر کردکوی، دور میدان شهرداری، بالای کیوسک راهنمایی، دید به سمت ساری یا تهران,جاده اصلی - شهر کردکوی، دور میدان شهرداری، بالای کیوسک راهنمایی، دید به سمت ساری یا تهران,billboardiha
2628,بیلبورد شهر کردکوی,تهران,جاده اصلی - شهر کردکوی، میدان شهرداری ورودی از سمت بندر ترکمن، دید به سمت ساری یا تهران,جاده اصلی - شهر کردکوی، میدان شهرداری ورودی از سمت بندر ترکمن، دید به سمت ساری یا تهران,billboardiha
2630,بیلبورد شهر کردکوی,تهران,جاده اصلی - شهر کردکوی، میدان شهرداری، خروجی از سمت داخل شهر، دید به سمت ساری یا تهران,جاده اصلی - شهر کردکوی، میدان شهرداری، خروجی از سمت داخل شهر، دید به سمت ساری یا تهران,billboardiha
2624,بیلبورد شهر کردکوی,تهران,جاده اصلی - شهر کردکوی، ورودی از سمت مشهد روبروی مسجد، دید به سمت ساری یا تهران,جاده اصلی - شهر کردکوی، ورودی از سمت مشهد روبروی مسجد، دید به سمت ساری یا تهران,billboardiha
2606,بیلبورد شهر گلوگاه,تهران,جاده اصلی - شهر گلوگاه از سمت تهران، روبروی خیابان آتش نشانی، دید به سمت گرگان یا مشهد,جاده اصلی - شهر گلوگاه از سمت تهران، روبروی خیابان آتش نشانی، دید به سمت گرگان یا مشهد,billboardiha
2608,بیلبورد شهر گلوگاه,تهران,جاده اصلی - شهر گلوگاه از سمت تهران، روبروی ورودی داخل شهر، دید به سمت گرگان یا مشهد,جاده اصلی - شهر گلوگاه از سمت تهران، روبروی ورودی داخل شهر، دید به سمت گرگان یا مشهد,billboardiha
2605,بیلبورد شهر گلوگاه,تهران,جاده اصلی - شهر گلوگاه از سمت مشهد، روبروی خیابان آتش نشانی، دید به سمت ساری یا تهران,جاده اصلی - شهر گلوگاه از سمت مشهد، روبروی خیابان آتش نشانی، دید به سمت ساری یا تهران,billboardiha
2607,بیلبورد شهر گلوگاه,تهران,جاده اصلی - شهر گلوگاه از سمت مشهد، روبروی ورودی داخل شهر، دید به سمت ساری یا تهران,جاده اصلی - شهر گلوگاه از سمت مشهد، روبروی ورودی داخل شهر، دید به سمت ساری یا تهران,billboardiha
2610,بیلبورد شهر گلوگاه,تهران,جاده اصلی - شهر گلوگاه، از سمت تهران روبروی شهرداری، دید به سمت گرگان یا مشهد,جاده اصلی - شهر گلوگاه، از سمت تهران روبروی شهرداری، دید به سمت گرگان یا مشهد,billboardiha
2612,بیلبورد شهر گلوگاه,تهران,جاده اصلی - شهر گلوگاه، از سمت تهران روبروی ورودی ساحل آباد گران، دید به سمت گرگان یا مشهد,جاده اصلی - شهر گلوگاه، از سمت تهران روبروی ورودی ساحل آباد گران، دید به سمت گرگان یا مشهد,billboardiha
2609,بیلبورد شهر گلوگاه,تهران,جاده اصلی - شهر گلوگاه، از سمت مشهد روبروی شهرداری، دید به سمت ساری یا تهران,جاده اصلی - شهر گلوگاه، از سمت مشهد روبروی شهرداری، دید به سمت ساری یا تهران,billboardiha
2611,بیلبورد شهر گلوگاه,تهران,جاده اصلی - شهر گلوگاه، از سمت مشهد روبروی ورودی ساحل آباد گران، دید به سمت ساری یا تهران,جاده اصلی - شهر گلوگاه، از سمت مشهد روبروی ورودی ساحل آباد گران، دید به سمت ساری یا تهران,billboardiha
2614,بیلبورد شهر گلوگاه,تهران,جاده اصلی - شهر گلوگاه، خروجی از سمت تهران روبروی اکبر جوجه اصلی، دید به سمت گرگان یا مشهد,جاده اصلی - شهر گلوگاه، خروجی از سمت تهران روبروی اکبر جوجه اصلی، دید به سمت گرگان یا مشهد,billboardiha
2650,بیلبورد شهر خان ببین,تهران,جاده اصلی، ابتدای شهر از سمت مشهد، دید به سمت گرگان یا تهران,جاده اصلی، ابتدای شهر از سمت مشهد، دید به سمت گرگان یا تهران,billboardiha
2651,بیلبورد شهر خان ببین,تهران,جاده اصلی، انتهای شهر از سمت تهران، دید به سمت کنبد یا مشهد,جاده اصلی، انتهای شهر از سمت تهران، دید به سمت کنبد یا مشهد,billboardiha
2656,بیلبورد شهر خان ببین,تهران,جاده اصلی، شهر خان ببین، ورودی از سمت تهران، روبروی جایگاه سی ان جی، دید به سمت گرگان یا تهران,جاده اصلی، شهر خان ببین، ورودی از سمت تهران، روبروی جایگاه سی ان جی، دید به سمت گرگان یا تهران,billboardiha
2657,بیلبورد شهر خان ببین,تهران,جاده اصلی، شهر خان ببین، ورودی از سمت تهران، روبروی جایگاه سی ان جی، دید به سمت گنبد یا مشهد,جاده اصلی، شهر خان ببین، ورودی از سمت تهران، روبروی جایگاه سی ان جی، دید به سمت گنبد یا مشهد,billboardiha
2648,بیلبورد شهر دلند,تهران,جاده اصلی، شهر دلند، خروجی از سمت مشهد، دید به سمت گرگان یا تهران,جاده اصلی، شهر دلند، خروجی از سمت مشهد، دید به سمت گرگان یا تهران,billboardiha
2647,بیلبورد شهر دلند,تهران,جاده اصلی، شهر دلند، مرکز شهر روبروی داروخانه از سمت تهران، دید به سمت گنبد یا مشهد,جاده اصلی، شهر دلند، مرکز شهر روبروی داروخانه از سمت تهران، دید به سمت گنبد یا مشهد,billboardiha
2646,بیلبورد شهر دلند,تهران,جاده اصلی، شهر دلند، مرکز شهر روبروی داروخانه از سمت مشهد، دید به سمت گرگان یا تهران,جاده اصلی، شهر دلند، مرکز شهر روبروی داروخانه از سمت مشهد، دید به سمت گرگان یا تهران,billboardiha
2649,بیلبورد شهر دلند,تهران,جاده اصلی، شهر دلند، ورودی از سمت تهران، دید به سمت گنبد یا مشهد,جاده اصلی، شهر دلند، ورودی از سمت تهران، دید به سمت گنبد یا مشهد,billboardiha
2642,بیلبورد شهر قرق,تهران,جاده اصلی، شهر قرق، ابتدای شهر از سمت مشهد، دید به سمت گرگان یا تهران,جاده اصلی، شهر قرق، ابتدای شهر از سمت مشهد، دید به سمت گرگان یا تهران,billboardiha
2643,بیلبورد شهر قرق,تهران,جاده اصلی، شهر قرق، انتهای شهر از سمت تهران، دید به سمت گنبد یا مشهد,جاده اصلی، شهر قرق، انتهای شهر از سمت تهران، دید به سمت گنبد یا مشهد,billboardiha
2644,بیلبورد شهر قرق,تهران,جاده اصلی، شهر قرق، خروجی از سمت مشهد قبل از جنگل قرق، دید از سمت گرگان یا تهران,جاده اصلی، شهر قرق، خروجی از سمت مشهد قبل از جنگل قرق، دید از سمت گرگان یا تهران,billboardiha
2645,بیلبورد شهر قرق,تهران,جاده اصلی، شهر قرق، ورودی از سمت تهران بعد از جنگل قرق، دید از سمت گنبد یا مشهد,جاده اصلی، شهر قرق، ورودی از سمت تهران بعد از جنگل قرق، دید از سمت گنبد یا مشهد,billboardiha
2652,بیلبورد شهر خان ببین,تهران,جاده اصلی، مرکز شهر، بعد از میدان از سمت مشهد، دید به سمت گرگان یا تهران,جاده اصلی، مرکز شهر، بعد از میدان از سمت مشهد، دید به سمت گرگان یا تهران,billboardiha
2653,بیلبورد شهر خان ببین,تهران,جاده اصلی، مرکز شهر، قبل میدان از سمت تهران، دید به سمت گنبد یا مشهد,جاده اصلی، مرکز شهر، قبل میدان از سمت تهران، دید به سمت گنبد یا مشهد,billboardiha
2655,بیلبورد شهر خان ببین,تهران,جاده اصلی، ورودی از سمت تهران، روبروی بازار هفتگی، دید به سمت گنبد یا مشهد,جاده اصلی، ورودی از سمت تهران، روبروی بازار هفتگی، دید به سمت گنبد یا مشهد,billboardiha
1911,بیلبورد جاده فیروزکوه,تهران,جاده فیروزکوه، بعد از پل سفید، سر امیرده، دید از تهران,جاده فیروزکوه، بعد از پل سفید، سر امیرده، دید از تهران,billboardiha
1910,بیلبورد جاده فیروزکوه,تهران,جاده فیروزکوه، بعد از پل سفید، سر امیرده، دید از شمال,جاده فیروزکوه، بعد از پل سفید، سر امیرده، دید از شمال,billboardiha
1363,بیلبورد جاده مخصوص کرج,تهران,جاده مخصوص کرج (غرب به شرق)، بعد از تهرانسر، بعدازپل دوربرگردان، تابلو چهارم,جاده مخصوص کرج (غرب به شرق)، بعد از تهرانسر، بعدازپل دوربرگردان، تابلو چهارم,billboardiha
2437,بیلبورد جاده هراز,تهران,جاده هراز، بعد از شرکت سپیدان (24 کیلومتری آمل دید از تهران),جاده هراز، بعد از شرکت سپیدان (24 کیلومتری آمل دید از تهران),billboardiha
2442,بیلبورد جاده هراز,تهران,جاده هراز، گزنک، روبروی پاسگاه، دید از تهران,جاده هراز، گزنک، روبروی پاسگاه، دید از تهران,billboardiha
1217,بیلبورد جنب پل الغدیر,تهران,جنب پل الغدیر، خروجی یزد به تهران,جنب پل الغدیر، خروجی یزد به تهران,billboardiha
2592,بیلبورد گنبدکاووس,تهران,خروجی اصلی، بعد از بازار روسها، سر جاده آلمان، دید به سمت گرگان یا تهران,خروجی اصلی، بعد از بازار روسها، سر جاده آلمان، دید به سمت گرگان یا تهران,billboardiha
2596,بیلبورد میدان تره بار,تهران,خروجی اصلی، روبروی میدان تره بار، دید به سمت گرگان یا تهران,خروجی اصلی، روبروی میدان تره بار، دید به سمت گرگان یا تهران,billboardiha
2594,بیلبورد گنبدکاووس,تهران,خروجی اصلی، روبروی پمپ بنزین، بعد از بریدگی، دید به سمت گرگان یا تهران,خروجی اصلی، روبروی پمپ بنزین، بعد از بریدگی، دید به سمت گرگان یا تهران,billboardiha
2214,بیلبورد خروجی نسیم شهر,تهران,خروجی نسیم شهر، سمت چپ,خروجی نسیم شهر، سمت چپ,billboardiha
2590,بیلبورد داخل پارک شادی,تهران,خروجیی اصلی، داخل پارک شادی، دید به سمت گرگان یا تهران,خروجیی اصلی، داخل پارک شادی، دید به سمت گرگان یا تهران,billboardiha
1637,بیلبورد خيابان بهشتي,تهران,خيابان بهشتي، بعد از ميدان تختي، قبل از مصلا,خيابان بهشتي، بعد از ميدان تختي، قبل از مصلا,billboardiha
1008,بام آگهی,تهران,خیابان آزادی -روبروی خیابان دکتر قریب,خیابان آزادی -روبروی خیابان دکتر قریب,billboardiha
3039,بیلبورد خیابان جمهوری,تهران,خیابان جمهوری، بعد از ولیعصر، نبش کوچه شهریار,خیابان جمهوری، بعد از ولیعصر، نبش کوچه شهریار,billboardiha
1846,بیلبورد خیابان حافظ,تهران,خیابان حافظ، نرسیده به جمهوری روی پل حافظ,خیابان حافظ، نرسیده به جمهوری روی پل حافظ,billboardiha
2458,بیلبورد خیابان شریعتی,تهران,خیابان شریعتی، قبل از پمپ بنزین ظفر، نبش کوچه زیبا، جنوب به شمال,خیابان شریعتی، قبل از پمپ بنزین ظفر، نبش کوچه زیبا، جنوب به شمال,billboardiha
2986,بیلبورد خیابان شریعتی,تهران,خیابان شریعتی، قبل از پمپ بنزین ظفر، نبش کوچه زیبا، جنوب به شمال,خیابان شریعتی، قبل از پمپ بنزین ظفر، نبش کوچه زیبا، جنوب به شمال,billboardiha
2934,بیلبورد خیابان شریعتی (فلکسی),تهران,خیابان شریعتی، مسیر شمال به جنوب، سه راهی پاسداران و همت غرب,خیابان شریعتی، مسیر شمال به جنوب، سه راهی پاسداران و همت غرب,billboardiha
2868,بیلبورد خیابان شهید بهشتی,تهران,خیابان شهید بهشتی، ضلع شمال غربی، تقاطع مدرس,خیابان شهید بهشتی، ضلع شمال غربی، تقاطع مدرس,billboardiha
2921,بیلبورد خیابان طالقانی,تهران,خیابان طالقانی، ضلع جنوب شرقی تقاطع خیابان طالقانی با خیابان مفتح,خیابان طالقانی، ضلع جنوب شرقی تقاطع خیابان طالقانی با خیابان مفتح,billboardiha
3046,بیلبورد خیابان فرشته,تهران,خیابان فرشته، تقاطع آقا بزرگی,خیابان فرشته، تقاطع آقا بزرگی,billboardiha
2872,بیلبورد خیابان ولنجک,تهران,خیابان ولنجک، ضلع شمال غربی، تقاطع خیابان سیزدهم,خیابان ولنجک، ضلع شمال غربی، تقاطع خیابان سیزدهم,billboardiha
2939,بیلبورد خیابان ولنجک,تهران,خیابان ولنجک، ضلع شمال غربی، تقاطع خیابان سیزدهم,خیابان ولنجک، ضلع شمال غربی، تقاطع خیابان سیزدهم,billboardiha
9,تلویزیون شهری پارک ملت,تهران,منطقه ۳,خیابان ولیعصر، جنب پارک ملت، درب اصلی,
2460,بیلبورد خیابان پاسداران,تهران,خیابان پاسداران، بالاتر از پمپ بنزین، وسط لچکی مقابل تعاونی ارتش (06),خیابان پاسداران، بالاتر از پمپ بنزین، وسط لچکی مقابل تعاونی ارتش (06),billboardiha
2988,بیلبورد خیابان پاسداران,تهران,خیابان پاسداران، بالاتر از پمپ بنزین، وسط لچکی مقابل تعاونی ارتش (06),خیابان پاسداران، بالاتر از پمپ بنزین، وسط لچکی مقابل تعاونی ارتش (06),billboardiha
12,استرابورد ایستگاه دروازه دولت,تهران,منطقه ۶,خیابان کریم‌خان، ایستگاه مترو دروازه دولت، پیاده‌رو اصلی,
3726,درب آسانسور در طبقات 2- تا فودکورت,تهران,درب آسانسور در طبقات 2-، 1-، G، 1، 2، 3، فودکورت (4),درب آسانسور در طبقات 2-، 1-، G، 1، 2، 3، فودکورت (4),irbillboard
3669,بیلبور دیواره بیرونی سیتی سنتر مجاور بزرگراه,تهران,دیواره بیرونی مال در مجاورت بزرگراه (ضلع غرب),دیواره بیرونی مال در مجاورت بزرگراه (ضلع غرب),irbillboard
3705,بیلبورد روبروی پمپ بنزین ولنجک شرق به غرب,تهران,روبروی پمپ بنزین ولنجک، شرق به غرب,روبروی پمپ بنزین ولنجک، شرق به غرب,irbillboard
3662,بیلبورد روبروی پمپ بنزین ولنجک غرب به شرق دسترسی به مناطق 1-2-3,تهران,روبروی پمپ بنزین ولنجک، غرب به شرق,روبروی پمپ بنزین ولنجک، غرب به شرق,irbillboard
1149,بیلبورد زرین دشت,تهران,زرین دشت، قبل از فیروزکوه، مسیر تهران به شمال,زرین دشت، قبل از فیروزکوه، مسیر تهران به شمال,billboardiha
1646,بیلبورد زعفرانیه,تهران,زعفرانیه، میدان الف، ضلع جنوب شرقی,زعفرانیه، میدان الف، ضلع جنوب شرقی,billboardiha
3775,ستون خروجی کش هایپراستار، راهروی اصلی,تهران,ستون خروجی کش هایپراستار در راهروی اصلی (سه وجهی),ستون خروجی کش هایپراستار در راهروی اصلی (سه وجهی),irbillboard
3648,ستون ورودی هایپراستار در راهروی اصلی,تهران,ستون ورودی هایپراستار در راهروی اصلی (سه وجهی),ستون ورودی هایپراستار در راهروی اصلی (سه وجهی),irbillboard
3280,بیلبورد سه راه تهران,تهران,سه راه تهران، ورودی فاز 4 مهرشهر (مسیر رفت),سه راه تهران، ورودی فاز 4 مهرشهر (مسیر رفت),billboardiha
1638,بیلبورد شهرك قدس,تهران,شهرك قدس (غرب)، خيابان ايران زمين، نرسيده به خيابان مهستان، مقابل کانون قدس,شهرك قدس (غرب)، خيابان ايران زمين، نرسيده به خيابان مهستان، مقابل کانون قدس,billboardiha
2017,بیلبورد صفادشت,تهران,صفادشت، بلوار اصلی، روبروی پارک جنگلی نصیر آباد (مسیر شرق به غرب),صفادشت، بلوار اصلی، روبروی پارک جنگلی نصیر آباد (مسیر شرق به غرب),billboardiha
2016,بیلبورد صفادشت,تهران,صفادشت، بلوار اصلی، روبروی پارک جنگلی نصیر آباد (مسیر غرب به شرق),صفادشت، بلوار اصلی، روبروی پارک جنگلی نصیر آباد (مسیر غرب به شرق),billboardiha
2923,بیلبورد تقاطع خیابان سهروردی و خیابان بهشتی,تهران,ضلع جنوب غربی، تقاطع خیابان سهروردی با خیابان بهشتی,ضلع جنوب غربی، تقاطع خیابان سهروردی با خیابان بهشتی,billboardiha
3696,عرشه پل آزادگان قبل از فرایبورگ,تهران,عرشه پل آزادگان (سعادت آباد) قبل از فرایبورگ,عرشه پل آزادگان (سعادت آباد) قبل از فرایبورگ,irbillboard
3701,عرشه پل آزادگان قبل از فرایبورگ,تهران,عرشه پل آزادگان (سعادت آباد) قبل از فرایبورگ,عرشه پل آزادگان (سعادت آباد) قبل از فرایبورگ,irbillboard
3757,عرشه پل اتوبان دستجردی تقاطع سپاهان,تهران,عرشه پل اتوبان دستجردی تقاطع سپاهان,عرشه پل اتوبان دستجردی تقاطع سپاهان,irbillboard
3762,عرشه پل ارتش,تهران,عرشه پل ارتش,عرشه پل ارتش,irbillboard
3783,عرشه پل ارتش نرسیده به وحید,تهران,عرشه پل ارتش نرسیده به وحید,عرشه پل ارتش نرسیده به وحید,irbillboard
3708,عرشه پل ارتش نرسیده میدان ارتش,تهران,عرشه پل ارتش نرسیده میدان ارتش,عرشه پل ارتش نرسیده میدان ارتش,irbillboard
3685,عرشه پل سجاد به سمت بزرگمهر,تهران,عرشه پل سجاد به سمت بزرگمهر,عرشه پل سجاد به سمت بزرگمهر,irbillboard
3692,عرشه پل هزار جریب به سمت صفه,تهران,عرشه پل هزار جریب به سمت صفه,عرشه پل هزار جریب به سمت صفه,irbillboard
3716,عرشه پل هزار جریب به سمت نیک نژادی,تهران,عرشه پل هزار جریب به سمت نیک نژادی,عرشه پل هزار جریب به سمت نیک نژادی,irbillboard
2196,بیلبورد فرودگاه بین المللی مهر آباد,تهران,فرودگاه بین المللی مهر آباد، سالن ترانزیت ترمینال 4، بالای گیت های خروج (8_3),فرودگاه بین المللی مهر آباد، سالن ترانزیت ترمینال 4، بالای گیت های خروج (8_3),billboardiha
2197,بیلبورد فرودگاه بین المللی مهر آباد,تهران,فرودگاه بین المللی مهر آباد، سالن عمومی ترمینال 4، بالای کانتر های چک این، ضلع شرقی,فرودگاه بین المللی مهر آباد، سالن عمومی ترمینال 4، بالای کانتر های چک این، ضلع شرقی,billboardiha
2195,بیلبورد فرودگاه بین المللی مهر آباد,تهران,فرودگاه بین المللی مهر آباد، سالن عمومی، بالای گیت ورود به سالن ترانزیت,فرودگاه بین المللی مهر آباد، سالن عمومی، بالای گیت ورود به سالن ترانزیت,billboardiha
2386,بیلبورد محور فیروزکوه,تهران,محور فیروزکوه، منطقه پل سفید، بعد از پل شورمست، دید از تهران,محور فیروزکوه، منطقه پل سفید، بعد از پل شورمست، دید از تهران,billboardiha
2385,بیلبورد محور فیروزکوه,تهران,محور فیروزکوه، منطقه پل سفید، بعد از پل شورمست، دید از شمال,محور فیروزکوه، منطقه پل سفید، بعد از پل شورمست، دید از شمال,billboardiha
2383,بیلبورد محور فیروزکوه,تهران,محور فیروزکوه، منطقه پل سفید، میدان امام رضا به سمت شمال، روبروی شهرک,محور فیروزکوه، منطقه پل سفید، میدان امام رضا به سمت شمال، روبروی شهرک,billboardiha
1932,بیلبورد محور یزد - میبد,تهران,محور یزد - میبد (یزد - تهران),محور یزد - میبد (یزد - تهران),billboardiha
3700,بیلبورد مدرس شمال به جنوب قبل از دوربرگردان الهیه,تهران,مدرس، شمال به جنوب، قبل از دوربرگردان الهیه,مدرس، شمال به جنوب، قبل از دوربرگردان الهیه,irbillboard
5,استرابورد ایستگاه تجریش,تهران,منطقه ۱,میدان تجریش، جنب ایستگاه مترو، خروجی شماره ۲,
1860,بیلبورد میدان تجریش,تهران,میدان تجریش، ضلع غربی ورودی سعد آباد و مجتمع ارگ,میدان تجریش، ضلع غربی ورودی سعد آباد و مجتمع ارگ,billboardiha
1605,بیلبورد میدان نوبنیاد,تهران,میدان نوبنیاد، روبه روی تاکسیرانی و مترو نوبنیاد,میدان نوبنیاد، روبه روی تاکسیرانی و مترو نوبنیاد,billboardiha
2991,بیلبورد نیاوران,تهران,نیاوران (باهنر) بعد از پمپ بنزین، نبش خیابان رفیعی، غرب به شرق,نیاوران (باهنر) بعد از پمپ بنزین، نبش خیابان رفیعی، غرب به شرق,billboardiha
2463,بیلبورد نیاوران,تهران,نیاوران (باهنر)، بعد از پمپ بنزین، نبش خیابان رفیعی، غرب به شرق,نیاوران (باهنر)، بعد از پمپ بنزین، نبش خیابان رفیعی، غرب به شرق,billboardiha
2854,بیلبورد باشگاه انقلاب,تهران,ورودی باشگاه انقلاب از درب شمال(سمت چپ),ورودی باشگاه انقلاب از درب شمال(سمت چپ),billboardiha
3619,بیلبورد ورودی رشت از تهران,تهران,ورودی رشت از تهران ، روبروی نمایشگاه بین المللی,ورودی رشت از تهران ، روبروی نمایشگاه بین المللی,billboardiha
1187,بیلبورد ورودی رشت از تهران,تهران,ورودی رشت از تهران، قبل از میدان گیل,ورودی رشت از تهران، قبل از میدان گیل,billboardiha
1193,بیلبورد ورودی رشت از تهران,تهران,ورودی رشت از تهران، نرسیده به میدان گیل، بیمارستان رسول اکرم,ورودی رشت از تهران، نرسیده به میدان گیل، بیمارستان رسول اکرم,billboardiha
2216,بیلبورد ورودی نسیم شهر,تهران,ورودی نسیم شهر، سمت چپ,ورودی نسیم شهر، سمت چپ,billboardiha
2147,بیلبورد پل سفید,تهران,پل سفید جنب پارک شهرداری، دید از تهران به شمال,پل سفید جنب پارک شهرداری، دید از تهران به شمال,billboardiha
2141,بیلبورد پل سفید,تهران,پل سفید، بعد از سه راه شورمست، دید از شمال به تهران,پل سفید، بعد از سه راه شورمست، دید از شمال به تهران,billboardiha
2146,بیلبورد پل سفید,تهران,پل سفید، جنب پارک شهرداری، دید از شمال به تهران,پل سفید، جنب پارک شهرداری، دید از شمال به تهران,billboardiha
2134,بیلبورد پل سفید,تهران,پل سفید، جنب پارک شهرداری، محور تهران به شمال,پل سفید، جنب پارک شهرداری، محور تهران به شمال,billboardiha
2133,بیلبورد پل سفید,تهران,پل سفید، جنب پارک شهرداری، محور شمال به تهران,پل سفید، جنب پارک شهرداری، محور شمال به تهران,billboardiha
2136,بیلبورد پل سفید,تهران,پل سفید، جنب پلیس راه، محور تهران به شمال,پل سفید، جنب پلیس راه، محور تهران به شمال,billboardiha
2135,بیلبورد پل سفید,تهران,پل سفید، جنب پلیس راه، محور شمال به تهران,پل سفید، جنب پلیس راه، محور شمال به تهران,billboardiha
2142,بیلبورد پل سفید,تهران,پل سفید، نرسیده به سه راه شورمست، دید از تهران به شمال,پل سفید، نرسیده به سه راه شورمست، دید از تهران به شمال,billboardiha
1423,بیلبورد پل سفید,تهران,پل سفید، ورودی دریاچه شورمست، محور تهران به ساری,پل سفید، ورودی دریاچه شورمست، محور تهران به ساری,billboardiha
2139,بیلبورد پل سفید,تهران,پل سفید، ورودی شهر پل سفید از تهران، جنب پمپ بنزین علیپور,پل سفید، ورودی شهر پل سفید از تهران، جنب پمپ بنزین علیپور,billboardiha
3673,دیوار پمپ بنزین سپاهان شهر,تهران,پمپ بنزین سپاهان شهر,پمپ بنزین سپاهان شهر,irbillboard
2095,بیلبورد دوطرفه چالوس,تهران,چالوس، ورودی از تهران به سمت نوشهر، داخل پارک سنگی,چالوس، ورودی از تهران به سمت نوشهر، داخل پارک سنگی,billboardiha
3676,بیلبورد چمران غرب به شرق,تهران,چمران، غرب به شرق، قبل از پل نمایشگاه,چمران، غرب به شرق، قبل از پل نمایشگاه,irbillboard
3748,بیلبورد چهارراه آینه خانه,تهران,چهارراه آینه خانه,چهارراه آینه خانه,irbillboard
3785,کناره های پله برقی وید A فدک مال,تهران,کناره های پله برقی وید A روبروی هایپراستار فدک مال,کناره های پله برقی وید A روبروی هایپراستار فدک مال,irbillboard
3733,بیلبورد کیان پارس ضلع غرب,تهران,کیان پارس،ضلع غرب، میدان شهید چمران,کیان پارس،ضلع غرب، میدان شهید چمران,irbillboard
1766,بیلبورد گردان میدان کیو,خرم آباد,میدان کیو,میدان کیو,billboardiha
1767,بیلبورد گردان میدان کیو,خرم آباد,میدان کیو,میدان کیو,billboardiha
1768,بیلبورد گردان میدان کیو,خرم آباد,میدان کیو,میدان کیو,billboardiha
1190,بیلبورد خیابان تختی,رشت,خیابان تختی، دید از چهارراه گلسار,خیابان تختی، دید از چهارراه گلسار,billboardiha
3629,بیلبورد سعدی ابتدای بلوار معلم,رشت,سعدی ابتدای بلوار معلم ، ورودی پیاده  راه فرهنگی,سعدی ابتدای بلوار معلم ، ورودی پیاده  راه فرهنگی,billboardiha
3206,بیلبورد خیابان سعدی,رشت,سعدی ابتدای بلوار معلم، ورودی پیاده راه فرهنگی,سعدی ابتدای بلوار معلم، ورودی پیاده راه فرهنگی,billboardiha
2566,بیلبورد دو وجهی محور رشت - انزلی,رشت,محور رشت - انزلی، بعد از پلیس راه,محور رشت - انزلی، بعد از پلیس راه,billboardiha
2561,بیلبورد محور رشت - رامسر,رشت,محور رشت - رامسر، خروجی لنگرود، دید از مازندران,محور رشت - رامسر، خروجی لنگرود، دید از مازندران,billboardiha
2560,بیلبورد محور رشت - رامسر,رشت,محور رشت - رامسر، خروجی لنگرود، دید به مازندران,محور رشت - رامسر، خروجی لنگرود، دید به مازندران,billboardiha
1189,بیلبورد منظریه,رشت,منظریه، جنب هتل کادوس,منظریه، جنب هتل کادوس,billboardiha
3600,بیلبورد میدان شهرداری,رشت,میدان شهرداری جنب بازار بزرگ ( خروجی شهرداری),میدان شهرداری جنب بازار بزرگ ( خروجی شهرداری),billboardiha
3601,بیلبورد میدان شهرداری,رشت,میدان شهرداری جنب بازار بزرگ ( ورودی شهرداری),میدان شهرداری جنب بازار بزرگ ( ورودی شهرداری),billboardiha
1188,بیلبورد میدان قلی پور,رشت,میدان قلی پور، به سمت صابرین,میدان قلی پور، به سمت صابرین,billboardiha
3614,بیلبورد میدان گاز,رشت,میدان گاز . ابتدای بلوار منظریه,میدان گاز . ابتدای بلوار منظریه,billboardiha
2567,بیلبورد پلیس راه رشت - انزلی,رشت,پلیس راه رشت - انزلی,پلیس راه رشت - انزلی,billboardiha
2568,بیلبورد پلیس راه رشت - انزلی,رشت,پلیس راه رشت - انزلی,پلیس راه رشت - انزلی,billboardiha
2554,پلیس راه رشت - تالش,رشت,پلیس راه رشت - تالش، دید به تالش,پلیس راه رشت - تالش، دید به تالش,billboardiha
2553,بیلبورد پلیس راه رشت - تالش,رشت,پلیس راه رشت - تالش، دید به رشت,پلیس راه رشت - تالش، دید به رشت,billboardiha
2556,بیلبورد پلیس راه رشت - فومن,رشت,پلیس راه رشت - فومن، دید به سمت فومن,پلیس راه رشت - فومن، دید به سمت فومن,billboardiha
2569,بیلبورد پلیس راه رشت - قزوین,رشت,پلیس راه رشت - قزوین، دید به سمت رشت,پلیس راه رشت - قزوین، دید به سمت رشت,billboardiha
2563,بیلبورد پلیس راه رشت - لاهیجان,رشت,پلیس راه رشت - لاهیجان، شهر لولمان، دید به لاهیجان,پلیس راه رشت - لاهیجان، شهر لولمان، دید به لاهیجان,billboardiha
1191,بیلبورد چهارراه گلسار,رشت,چهارراه گلسار، جنب داروخانه گلسار,چهارراه گلسار، جنب داروخانه گلسار,billboardiha
1192,بیلبورد چهارراه گلسار,رشت,چهارراه گلسار، خروجی گلسار، ابتدای بلوار انصاری,چهارراه گلسار، خروجی گلسار، ابتدای بلوار انصاری,billboardiha
3598,بیلبورد بلوار گیلان,رشت,گلسار . بلوار گیلان . ابتدای خیابان 179,گلسار . بلوار گیلان . ابتدای خیابان 179,billboardiha
3634,بیلبورد گلسار,رشت,گلسار . بلوار گیلان . میدان تربیت معلم,گلسار . بلوار گیلان . میدان تربیت معلم,billboardiha
3636,بیلبورد گلسار,رشت,گلسار . مسیر اصلی . جنب بانک ملت (خروجی گلسار),گلسار . مسیر اصلی . جنب بانک ملت (خروجی گلسار),billboardiha
3616,بیلبورد گلسار,رشت,گلسار . میدان توحید . جنب پارک,گلسار . میدان توحید . جنب پارک,billboardiha
3638,بیلبورد گلسار,رشت,گلسار . میدان صابرین,گلسار . میدان صابرین,billboardiha
3617,بیلبورد ورودی گلسار,رشت,گلسار ، میدان صابرین ، ورودی گلسار,گلسار ، میدان صابرین ، ورودی گلسار,billboardiha
3637,بیلبورد گلسار,رشت,گلسار مسیر اصلی جنب بانک ملت (ورودی گلسار),گلسار مسیر اصلی جنب بانک ملت (ورودی گلسار),billboardiha
3208,بیلبورد گلسار,رشت,گلسار، بلوار گیلان، میدان تربیت معلم,گلسار، بلوار گیلان، میدان تربیت معلم,billboardiha
3210,بیلبورد گلسار,رشت,گلسار، مسیر اصلی، جنب بانک ملت (خروجی گلسار),گلسار، مسیر اصلی، جنب بانک ملت (خروجی گلسار),billboardiha
3209,بیلبورد گلسار,رشت,گلسار، میدان توحید,گلسار، میدان توحید,billboardiha
3635,بیلبورد گلسار,رشت,گلسار، میدان توحید,گلسار، میدان توحید,billboardiha
1730,بیلبورد بزرگراه خلیج فارس,زاهدان,بزرگراه خلیج فارس,بزرگراه خلیج فارس,billboardiha
1754,بیلبورد بلوار دانشگاه,زاهدان,بلوار دانشگاه، روبروی بلوار معلم (تابلو سمت چپ),بلوار دانشگاه، روبروی بلوار معلم (تابلو سمت چپ),billboardiha
1745,بیلبورد بلوار مطهری,زاهدان,بیلبورد بلوار مطهری,بیلبورد بلوار مطهری,billboardiha
1738,بیلبورد تقاطع آزادی و مصطفی خمینی,زاهدان,تقاطع آزادی و مصطفی خمینی,تقاطع آزادی و مصطفی خمینی,billboardiha
1740,بیلبورد تقاطع بزرگمهر و معلم,زاهدان,تقاطع بزرگمهر و معلم، ضلع جنوب غربی,تقاطع بزرگمهر و معلم، ضلع جنوب غربی,billboardiha
1735,بیلبورد تقاطع بهشتی و مصطفی خمینی,زاهدان,تقاطع بهشتی و مصطفی خمینی,تقاطع بهشتی و مصطفی خمینی,billboardiha
1744,بیلبورد بلوار مطهری,زاهدان,رفیوژ میانی بلوار مطهری (مسیر رفت),رفیوژ میانی بلوار مطهری (مسیر رفت),billboardiha
1751,بیلبورد معلم و دانشگاه,زاهدان,معلم و دانشگاه، رفیوژ میانی، دید از خیابان دانشگاه,معلم و دانشگاه، رفیوژ میانی، دید از خیابان دانشگاه,billboardiha
1750,بیلبورد معلم و دانشگاه,زاهدان,معلم و دانشگاه، رفیوژ میانی، دید از میدان امام علی,معلم و دانشگاه، رفیوژ میانی، دید از میدان امام علی,billboardiha
1739,بیلبورد دیواری میدان امام علی,زاهدان,میدان امام علی,میدان امام علی,billboardiha
1734,بیلبورد میدان خیام,زاهدان,میدان خیام,میدان خیام,billboardiha
1733,بیلبورد میدان شهدا,زاهدان,میدان شهدا,میدان شهدا,billboardiha
1753,بیلبورد میدان پاسداران,زاهدان,میدان پاسداران,میدان پاسداران,billboardiha
1749,بیلبورد میدان پاسداران,زاهدان,میدان پاسداران، رفیوژ میانی، دید از خیابان دانشگاه,میدان پاسداران، رفیوژ میانی، دید از خیابان دانشگاه,billboardiha
1748,بیلبورد میدان پاسداران,زاهدان,میدان پاسداران، رفیوژ میانی، دید از میدان امام علی,میدان پاسداران، رفیوژ میانی، دید از میدان امام علی,billboardiha
1743,بیلبورد پاسداران,زاهدان,پاسداران، ورودی از دانشگاه به پاسداران,پاسداران، ورودی از دانشگاه به پاسداران,billboardiha
1742,بیلبورد پاسداران,زاهدان,پاسداران، ورودی به دانشگاه,پاسداران، ورودی به دانشگاه,billboardiha
3531,بیلبورد بلوار22 بهمن,زنجان,بلوار22 بهمن، تقاطع تربیت (جاده شهرک) - ضلع شمال شرقی,بلوار22 بهمن، تقاطع تربیت (جاده شهرک) - ضلع شمال شرقی,billboardiha
3533,بیلبورد بلوار22 بهمن,زنجان,بلوار22 بهمن، تقاطع تربیت (پشت مصلی) - ضلع جنوب شرقی,بلوار22 بهمن، تقاطع تربیت (پشت مصلی) - ضلع جنوب شرقی,billboardiha
3524,بیلبورد تری ویژن,زنجان,تری ویژن - میدان ازادی - ضلع شمالی (سه وجهی) هر 3 وجه,تری ویژن - میدان ازادی - ضلع شمالی (سه وجهی) هر 3 وجه,billboardiha
3530,بیلبورد جاده گاوازنگ,زنجان,جاده گاوازنگ، م کوهنورد (آزادگان)، مسیر ائل داغی و امند، نمایشگاه کاسپین,جاده گاوازنگ، م کوهنورد (آزادگان)، مسیر ائل داغی و امند، نمایشگاه کاسپین,billboardiha
3540,بیلبورد خیابان خرمشهر,زنجان,خیابان خرمشهر، تقاطع شیلات (به طرف ترمینال) - وسط - ضلع جنوبی,خیابان خرمشهر، تقاطع شیلات (به طرف ترمینال) - وسط - ضلع جنوبی,billboardiha
3541,بیلبورد خیابان خرمشهر,زنجان,خیابان خرمشهر، تقاطع شیلات (به طرف ترمینال) -ضلع جنوب غربی,خیابان خرمشهر، تقاطع شیلات (به طرف ترمینال) -ضلع جنوب غربی,billboardiha
3542,بیلبورد  خیابان خرمشهر,زنجان,خیابان خرمشهر، تقاطع شیلات )به طرف م پروین اعتصامی) - ضلع شمال شرقی,خیابان خرمشهر، تقاطع شیلات )به طرف م پروین اعتصامی) - ضلع شمال شرقی,billboardiha
3539,بیلبورد م ولیعصر,زنجان,م ولیعصر (ضلع شمالی),م ولیعصر (ضلع شمالی),billboardiha
3538,بیلبورد م ولیعصر,زنجان,م ولیعصر (ضلع شمالی) ورودی میدان - روبه جنوب,م ولیعصر (ضلع شمالی) ورودی میدان - روبه جنوب,billboardiha
3537,بیلبورد م ولیعصر,زنجان,م ولیعصر(ضلع جنوبی),م ولیعصر(ضلع جنوبی),billboardiha
3536,بیلبورد م ولیعصر,زنجان,م ولیعصر(ضلع جنوبی) ورودی میدان - روبه شمال,م ولیعصر(ضلع جنوبی) ورودی میدان - روبه شمال,billboardiha
3523,بیلبورد میدان آزادی,زنجان,میدان آزادی - ضلع شمالی,میدان آزادی - ضلع شمالی,billboardiha
22,بیلبورد ورودی اتوبان زنجان-تهران,زنجان,ورودی شهر,ورودی اتوبان زنجان-تهران، کیلومتر ۱,
1901,بیلبورد جویبار - ساری,ساری,جویبار - ساری، منطقه لاریم، دید از ساری,جویبار - ساری، منطقه لاریم، دید از ساری,billboardiha
2150,بیلبورد دوطرفه ساری,ساری,ساری بسمت نكا، جنب سایپا دیزل,ساری بسمت نكا، جنب سایپا دیزل,billboardiha
2151,بیلبورد محور ساری به بهشهر,ساری,محور ساری به بهشهر، جنب دانشگاه ازاد نكا,محور ساری به بهشهر، جنب دانشگاه ازاد نكا,billboardiha
2157,بیلبورد محور گرگان به ساری,ساری,محور گرگان به سمت ساری، ابتدای شهر سورک,محور گرگان به سمت ساری، ابتدای شهر سورک,billboardiha
2152,بیلبورد ساری,ساری,کمربندی شرقی به سمت میدان هلال احمر، جنب ترمینال دولت,کمربندی شرقی به سمت میدان هلال احمر، جنب ترمینال دولت,billboardiha
3142,بیلبورد بلوار بعثت,سمنان,ابتدای بلوار بعثت، رو به معلم,ابتدای بلوار بعثت، رو به معلم,billboardiha
3141,بیلبورد بلوار بعثت,سمنان,ابتدای بلوار بعثت، رو به نماز,ابتدای بلوار بعثت، رو به نماز,billboardiha
3124,بیلبورد بلوار 15خرداد,سمنان,بلوار 15خرداد، شماره دو,بلوار 15خرداد، شماره دو,billboardiha
3125,بیلبورد بلوار 15خرداد,سمنان,بلوار 15خرداد، ضلع شمال یک,بلوار 15خرداد، ضلع شمال یک,billboardiha
3143,بیلبورد بلوار قدس,سمنان,بلوار قدس، جنب هلال احمر,بلوار قدس، جنب هلال احمر,billboardiha
3121,بیلبورد بلوار ولی عصر,سمنان,بلوار ولی عصر، روبروی مسجد آل محمد,بلوار ولی عصر، روبروی مسجد آل محمد,billboardiha
3130,بیلبورد بلوار ولی عصر,سمنان,بلوار ولی عصر، پارک سنگی,بلوار ولی عصر، پارک سنگی,billboardiha
3118,بیلبورد بلوار کارگر جنوبی,سمنان,بلوار کارگر جنوبی,بلوار کارگر جنوبی,billboardiha
3139,بیلبورد تقاطع هلال احمر و ورزش,سمنان,تقاطع هلال احمر و ورزش,تقاطع هلال احمر و ورزش,billboardiha
3119,بیلبورد میدان معلم,سمنان,معلم جنوبی,معلم جنوبی,billboardiha
3146,بیلبورد میدان استاندارد,سمنان,میدان استاندارد، ضلع جنوب شرقی,میدان استاندارد، ضلع جنوب شرقی,billboardiha
3145,بیلبورد میدان استاندارد,سمنان,میدان استاندارد، ضلع شرقی رو به میدان,میدان استاندارد، ضلع شرقی رو به میدان,billboardiha
3136,بیلبورد میدان استاندارد,سمنان,میدان استاندارد، ضلع شرقی، پشت به میدان,میدان استاندارد، ضلع شرقی، پشت به میدان,billboardiha
3147,بیلبورد میدان استاندارد,سمنان,میدان استاندارد، ضلع شمال غربی,میدان استاندارد، ضلع شمال غربی,billboardiha
3150,بیلبورد میدان امام علی,سمنان,میدان امام علی,میدان امام علی,billboardiha
3122,بیلبورد میدان امام,سمنان,میدان امام، به سمت راه آهن,میدان امام، به سمت راه آهن,billboardiha
3161,بیلبورد میدان معلم,سمنان,میدان معلم شمالی به سمت مهدیشهر,میدان معلم شمالی به سمت مهدیشهر,billboardiha
3159,بیلبورد میدان معلم,سمنان,میدان معلم، ضلع جنوب شرقی,میدان معلم، ضلع جنوب شرقی,billboardiha
3127,بیلبورد میدان معلم,سمنان,میدان معلم، ضلع شمال غربی به سمت بسیج,میدان معلم، ضلع شمال غربی به سمت بسیج,billboardiha
3162,بیلبورد میدان نماز,سمنان,میدان نماز,میدان نماز,billboardiha
3154,بیلبورد کوثر جنوبی,سمنان,میدان کوثر جنوبی,میدان کوثر جنوبی,billboardiha
3155,بیلبورد میدان کوثر,سمنان,میدان کوثر، ضلع شمالی به سمت امام علی,میدان کوثر، ضلع شمالی به سمت امام علی,billboardiha
3135,بیلبورد میدان کوثر,سمنان,میدان کوثر، ضلع شمالی به سمت نماز,میدان کوثر، ضلع شمالی به سمت نماز,billboardiha
3144,بیلبورد پارک آبشار,سمنان,پارک آبشار,پارک آبشار,billboardiha
3423,بیلبورد خیابان پاسداران,سنندج,بیلبورد خیابان پاسداران سه راه ادب جنب پارک استاندارد,بیلبورد خیابان پاسداران سه راه ادب جنب پارک استاندارد,billboardiha
3435,بیلبورد  خیابان پاسداران,سنندج,خیابان پاسداران سه راه ادب,خیابان پاسداران سه راه ادب,billboardiha
3427,بیلبورد میدان آزادی,سنندج,میدان آزادی نبش خیابان کشاورز,میدان آزادی نبش خیابان کشاورز,billboardiha
3424,بیلبورد میدان انقلاب,سنندج,میدان انقلاب نبش خیابان امام جنب بانک صادرات,میدان انقلاب نبش خیابان امام جنب بانک صادرات,billboardiha
1772,بیلبورد چهاروجهی گردان بلوار امام,شاهین شهر و میمه,بلوار امام، سه راه فردوسی,بلوار امام، سه راه فردوسی,billboardiha
3226,بیلبورد بابا حیدر,شهرکرد,بیلبورد بابا حیدر,بیلبورد بابا حیدر,billboardiha
3220,بیلبورد داخل دانشگاه آزاد,شهرکرد,بیلبورد داخل دانشگاه آزاد,بیلبورد داخل دانشگاه آزاد,billboardiha
3221,بیلبورد داخل دانشگاه آزاد,شهرکرد,بیلبورد داخل دانشگاه آزاد,بیلبورد داخل دانشگاه آزاد,billboardiha
3272,بیلبورد دو وجهی تقاطع حافظ – پرستار,شهرکرد,تقاطع حافظ – پرستار (دید از پرستار),تقاطع حافظ – پرستار (دید از پرستار),billboardiha
3265,بیلبورد خیابان 12 محرم,شهرکرد,خیابان 12 محرم (روبروی مجتمع امام صادق1),خیابان 12 محرم (روبروی مجتمع امام صادق1),billboardiha
3266,بیلبورد خیابان 12 محرم,شهرکرد,خیابان 12 محرم (روبروی مجتمع امام صادق2),خیابان 12 محرم (روبروی مجتمع امام صادق2),billboardiha
3267,بیلبورد خیابان 12 محرم,شهرکرد,خیابان 12 محرم (روبروی مجتمع امام صادق3),خیابان 12 محرم (روبروی مجتمع امام صادق3),billboardiha
2344,بیلبورد سامان - شهرکرد,شهرکرد,سامان - شهرکرد (روبرو زاگرس),سامان - شهرکرد (روبرو زاگرس),billboardiha
3251,بیلبورد طالقانی,شهرکرد,طالقانی، دیوار فنی حرفه ای,طالقانی، دیوار فنی حرفه ای,billboardiha
2341,بیلبورد فارسان - شهرکرد,شهرکرد,فارسان - شهرکرد (جنب فرودگاه),فارسان - شهرکرد (جنب فرودگاه),billboardiha
2342,بیلبورد فارسان - شهرکرد,شهرکرد,فارسان - شهرکرد (جنب فرودگاه),فارسان - شهرکرد (جنب فرودگاه),billboardiha
3262,بیلبورد مجتمع مسکونی شقایق,شهرکرد,مجتمع مسکونی شقایق,مجتمع مسکونی شقایق,billboardiha
3268,بیلبورد میدان بسیج,شهرکرد,میدان بسیج,میدان بسیج,billboardiha
3256,بیلبورد میدان جهاد,شهرکرد,میدان جهاد,میدان جهاد,billboardiha
3254,بیلبورد چهارراه سعدی,شهرکرد,چهارراه سعدی، حافظ 1,چهارراه سعدی، حافظ 1,billboardiha
3255,بیلبورد چهارراه سعدی,شهرکرد,چهارراه سعدی، حافظ 2,چهارراه سعدی، حافظ 2,billboardiha
1089,بیلبورد چهارراه فصیحی,شهرکرد,چهارراه فصیحی,چهارراه فصیحی,billboardiha
3736,بیلبورد بزرگراه صیاد شیرازی پل سواره رو رسالت,شیراز,بزرگراه صیاد شیرازی، پل سواره رو رسالت، جنوب به شمال,بزرگراه صیاد شیرازی، پل سواره رو رسالت، جنوب به شمال,irbillboard
3796,بیلبورد بزرگراه همت مسیر شرق به غرب تقاطع پل بزرگراه صیاد شیرازی,شیراز,بزرگراه همت، مسیر شرق به غرب، تقاطع پل بزرگراه صیاد شیرازی، قبل از خروجی پاسداران,بزرگراه همت، مسیر شرق به غرب، تقاطع پل بزرگراه صیاد شیرازی، قبل از خروجی پاسداران,irbillboard
3510,بیلبورد بزرگراه چمران,شیراز,بزرگراه چمران - جنب باغ نسترن,بزرگراه چمران - جنب باغ نسترن,billboardiha
3497,بیلبورد بزرگراه چمران,شیراز,بزرگراه چمران - جنب رودخانه نهر اعظم,بزرگراه چمران - جنب رودخانه نهر اعظم,billboardiha
3498,بیلبورد بزرگراه چمران,شیراز,بزرگراه چمران - مقابل هتل چمران,بزرگراه چمران - مقابل هتل چمران,billboardiha
3493,بیلبورد بلوار شریعتی,شیراز,بلوار شریعتی (معالی آباد) - جنب پارک ملت,بلوار شریعتی (معالی آباد) - جنب پارک ملت,billboardiha
3506,بیلبورد بلوار صدا و سیما,شیراز,بلوار صدا و سیما - دید از دروازه قرآن,بلوار صدا و سیما - دید از دروازه قرآن,billboardiha
3128,بیلبورد بلوار میرزای شیرازی,شیراز,بلوار میرزای شیرازی، پاساژ اسکان,بلوار میرزای شیرازی، پاساژ اسکان,billboardiha
1544,بیلبورد بلوار پاسداران,شیراز,بلوار پاسداران، ابتدای باغ حوض,بلوار پاسداران، ابتدای باغ حوض,billboardiha
1948,بیلبورد بلوار چمران,شیراز,بلوار چمران، ابیوردی، جنب سازمان تامین اجتماعی,بلوار چمران، ابیوردی، جنب سازمان تامین اجتماعی,billboardiha
1953,بیلبورد میدان نمازی,شیراز,حدفاصل ميدان دانشجو و ميدان نمازي,حدفاصل ميدان دانشجو و ميدان نمازي,billboardiha
3517,بیلبورد خیابان قصر دشت,شیراز,خیابان قصر دشت - تقاطع خلدبرین,خیابان قصر دشت - تقاطع خلدبرین,billboardiha
3505,بیلبورد خیابان ملاصدرا,شیراز,خیابان ملاصدرا - مقابل فرعی هدایت,خیابان ملاصدرا - مقابل فرعی هدایت,billboardiha
1713,بیلبورد شیراز - بندر عباس,شیراز,محور شیراز - بندر عباس، دید به شیراز,محور شیراز - بندر عباس، دید به شیراز,billboardiha
1714,بیلبورد شیراز - بندر عباس,شیراز,محور شیراز - بندر عباس، دید به شیراز,محور شیراز - بندر عباس، دید به شیراز,billboardiha
1934,بیلبورد محور یزد - تفت,شیراز,محور یزد - تفت (یزد - شیراز)، جنب پارک کوهستان,محور یزد - تفت (یزد - شیراز)، جنب پارک کوهستان,billboardiha
2575,بیلبورد مسیر یزد - نفت,شیراز,مسیر یزد - تفت (ورودی از سمت شیراز),مسیر یزد - تفت (ورودی از سمت شیراز),billboardiha
3500,بیلبورد میدان ارم,شیراز,میدان ارم - ضلع شمال غربی (ورودی دانشگاه),میدان ارم - ضلع شمال غربی (ورودی دانشگاه),billboardiha
3513,بیلبورد میدان امام حسین (ع),شیراز,میدان امام حسین (ع) - ضلع شمال شرقی - سمت چپ,میدان امام حسین (ع) - ضلع شمال شرقی - سمت چپ,billboardiha
3503,بیلبورد میدان دانشجو,شیراز,میدان دانشجو - خوابگاه قدس - دید میدان (ساین روف),میدان دانشجو - خوابگاه قدس - دید میدان (ساین روف),billboardiha
3507,بیلبورد میدان گاز,شیراز,میدان گاز - ابتدای خیابان ابریشمی,میدان گاز - ابتدای خیابان ابریشمی,billboardiha
3521,بیلبورد میدان گاز,شیراز,میدان گاز - وسط رفوژ روبروی پارک شهر وجهA,میدان گاز - وسط رفوژ روبروی پارک شهر وجهA,billboardiha
3520,بیلبورد میدان گاز,شیراز,میدان گاز - وسط رفوژ روبروی پارک شهر وجهB,میدان گاز - وسط رفوژ روبروی پارک شهر وجهB,billboardiha
1710,بیلبورد ورودی آباده,شیراز,ورودی آباده، دید از شیراز,ورودی آباده، دید از شیراز,billboardiha
1709,بیلبورد ورودی آباده,شیراز,ورودی آباده، دید به شیراز,ورودی آباده، دید به شیراز,billboardiha
3511,بیلبورد پل باغ صفا,شیراز,پل باغ صفا - جنب استانداری (دید از میدان گاز),پل باغ صفا - جنب استانداری (دید از میدان گاز),billboardiha
3512,بیلبورد پل باغ صفا,شیراز,پل باغ صفا - جنب استانداری (دیدی از میدان امام حسین (ع)),پل باغ صفا - جنب استانداری (دیدی از میدان امام حسین (ع)),billboardiha
1981,بیلبورد عباس آباد,عباس آباد,عباس آباد، بعد از پل کاظم رود، روبه روی شهرک گلواژه، دید از شرق به غرب,عباس آباد، بعد از پل کاظم رود، روبه روی شهرک گلواژه، دید از شرق به غرب,billboardiha
2070,بیلبورد عباس آباد,عباس آباد,عباس آباد، روبروی فروشگاه شیک پوشان، دید از شرق به غرب,عباس آباد، روبروی فروشگاه شیک پوشان، دید از شرق به غرب,billboardiha
2072,بیلبورد عباس آباد,عباس آباد,عباس آباد، روبروی مجتمع فانوس شماره 1، دید از شرق به غرب,عباس آباد، روبروی مجتمع فانوس شماره 1، دید از شرق به غرب,billboardiha
2075,بیلبورد عباس آباد,عباس آباد,عباس آباد، روبروی هتل رستوران گل شماره 2، دید از غرب به شرق,عباس آباد، روبروی هتل رستوران گل شماره 2، دید از غرب به شرق,billboardiha
2074,بیلبورد عباس آباد,عباس آباد,عباس آباد، روبروی پرشین سازه شماره 1، دید از شرق به غرب,عباس آباد، روبروی پرشین سازه شماره 1، دید از شرق به غرب,billboardiha
2073,بیلبورد عباس آباد,عباس آباد,عباس آباد، روبروی پرشین سازه شماره 2، دید از غرب به شرق,عباس آباد، روبروی پرشین سازه شماره 2، دید از غرب به شرق,billboardiha
2078,بیلبورد عباس آباد,عباس آباد,عباس آباد، روبروی گل و گیاه ناندینا شماره 1، دید از شرق به غرب,عباس آباد، روبروی گل و گیاه ناندینا شماره 1، دید از شرق به غرب,billboardiha
2077,بیلبورد عباس آباد,عباس آباد,عباس آباد، روبروی گل و گیاه ناندینا شماره 2، دید از غرب به شرق,عباس آباد، روبروی گل و گیاه ناندینا شماره 2، دید از غرب به شرق,billboardiha
1992,بیلبورد عباس آباد,عباس آباد,عباس آباد، روبه روی جهاد کشاورزی، شماره 1، دید از شرق به غرب,عباس آباد، روبه روی جهاد کشاورزی، شماره 1، دید از شرق به غرب,billboardiha
1978,بیلبورد عباس آباد,عباس آباد,عباس آباد، روبه روی هتل رستوران پاپیون، شماره 2، دید از غرب به شرق,عباس آباد، روبه روی هتل رستوران پاپیون، شماره 2، دید از غرب به شرق,billboardiha
1990,بیلبورد عباس آباد,عباس آباد,عباس آباد، نرسیده به شهرداری، شماره 1، دید از شرق به غرب,عباس آباد، نرسیده به شهرداری، شماره 1، دید از شرق به غرب,billboardiha
2080,بیلبورد عباس آباد,عباس آباد,عباس آباد، ورودی شهر، روبروی ایران خودرو لاهوتی، دید از شرق به غرب,عباس آباد، ورودی شهر، روبروی ایران خودرو لاهوتی، دید از شرق به غرب,billboardiha
1984,بیلبورد متل قو,عباس آباد,متل قو، جنب دانشسرای کشاورزی، نرسیده به برج عظیم زاده، دید از شرق به غرب,متل قو، جنب دانشسرای کشاورزی، نرسیده به برج عظیم زاده، دید از شرق به غرب,billboardiha
1983,بیلبورد متل قو,عباس آباد,متل قو، جنب دانشسرای کشاورزی، نرسیده به برج عظیم زاده، دید از غرب به شرق,متل قو، جنب دانشسرای کشاورزی، نرسیده به برج عظیم زاده، دید از غرب به شرق,billboardiha
2672,بیلبورد بلوار میرزا کوچک خان,قزوین,بلوار میرزا کوچک خان، چهارراه نسیم شمال (C),بلوار میرزا کوچک خان، چهارراه نسیم شمال (C),billboardiha
1076,بیلبورد قزوین - نظر آباد,قزوین,قزوین - نظر آباد (لاین جنوب) 10کیلومتری قزوین,قزوین - نظر آباد (لاین جنوب) 10کیلومتری قزوین,billboardiha
1077,بیلبورد قزوین - نظر آباد,قزوین,قزوین - نظر آباد (لاین جنوب) عوارضی دو قزوین b2,قزوین - نظر آباد (لاین جنوب) عوارضی دو قزوین b2,billboardiha
2682,بیلبورد میدان قدس,قزوین,میدان قدس، جنب بیمارستان قدس (B),میدان قدس، جنب بیمارستان قدس (B),billboardiha
2674,بیلبورد میدان مادر,قزوین,میدان مادر (C),میدان مادر (C),billboardiha
2671,بیلبورد میدان میرعماد,قزوین,میدان میرعماد، ضلع پارک (MB),میدان میرعماد، ضلع پارک (MB),billboardiha
2688,بیلبورد میدان نصر,قزوین,میدان نصر، ضلع جنوب شرقی (A),میدان نصر، ضلع جنوب شرقی (A),billboardiha
2690,بیلبورد میدان نصر,قزوین,میدان نصر، ضلع جنوب غربی (A),میدان نصر، ضلع جنوب غربی (A),billboardiha
2689,بیلبورد میدان نصر,قزوین,میدان نصر، ضلع شرقی (A),میدان نصر، ضلع شرقی (A),billboardiha
1080,بیلبورد نظر آباد - قزوین,قزوین,نظر آباد - قزوین (لاین شمال) عوارضی3,نظر آباد - قزوین (لاین شمال) عوارضی3,billboardiha
1211,بیلبورد نظر آباد - قزوین,قزوین,نظر آباد - قزوین (لاین شمال)، 2کیلومتر بعد از پادگان شهدای جوادنیا,نظر آباد - قزوین (لاین شمال)، 2کیلومتر بعد از پادگان شهدای جوادنیا,billboardiha
1213,بیلبورد نظر آباد - قزوین,قزوین,نظر آباد - قزوین (لاین شمال)، ورودی پادگان شهدای جوادنیا,نظر آباد - قزوین (لاین شمال)، ورودی پادگان شهدای جوادنیا,billboardiha
2678,بیلبورد چهارراه نوروزیان,قزوین,ورودی منظریه، از سمت دانشگاه آزاد,ورودی منظریه، از سمت دانشگاه آزاد,billboardiha
2683,بیلبورد چهارراه طالقانی,قزوین,چهارراه طالقانی، ضلع جنوب غربی (B),چهارراه طالقانی، ضلع جنوب غربی (B),billboardiha
2670,بیلبورد چهارراه نادری,قزوین,چهارراه نادری (MB),چهارراه نادری (MB),billboardiha
1538,بیلبورد 4 وجهی صدوقی,قم,ابتدای صدوقی (منطقه 4),ابتدای صدوقی (منطقه 4),billboardiha
1519,بیلبورد بلوار الغدیر,قم,بلوار الغدیر، ابتدای پردیسان (منطقه 8),بلوار الغدیر، ابتدای پردیسان (منطقه 8),billboardiha
1518,بیلبورد بلوار امین,قم,بلوار امین، تقاطع سالاریه (منطقه 4),بلوار امین، تقاطع سالاریه (منطقه 4),billboardiha
1526,بیلبورد بلوار شهید بهشتی,قم,بلوار شهید بهشتی، به طرف 72 تن (منطقه 3),بلوار شهید بهشتی، به طرف 72 تن (منطقه 3),billboardiha
1533,بیلبورد بلوار غدیر,قم,بلوار غدیر، مقابل جهاد (منطقه 4),بلوار غدیر، مقابل جهاد (منطقه 4),billboardiha
1532,بیلبورد بلوار غدیر,قم,بلوار غدیر، مقابل شهر آفتاب (منطقه 4),بلوار غدیر، مقابل شهر آفتاب (منطقه 4),billboardiha
1521,بیلبورد تقاطع 20 متری شهید بهشتی و چمران,قم,تقاطع 20 متری شهید بهشتی و چمران (منطقه 3),تقاطع 20 متری شهید بهشتی و چمران (منطقه 3),billboardiha
1522,بیلبورد خیابان امام,قم,خیابان امام، روبروی پمپ بنزین (منطقه 3),خیابان امام، روبروی پمپ بنزین (منطقه 3),billboardiha
1535,بیلبورد میدان آزادگان,قم,میدان آزادگان (منطقه 3),میدان آزادگان (منطقه 3),billboardiha
1520,بیلبورد میدان ارتش,قم,میدان ارتش، ابتدای خیابان حکیم (منطقه 4),میدان ارتش، ابتدای خیابان حکیم (منطقه 4),billboardiha
1531,بیلبورد میدان امام,قم,میدان امام، جنب آبنما (منطقه 3),میدان امام، جنب آبنما (منطقه 3),billboardiha
1534,بیلبورد میدان جانبازان,قم,میدان جانبازان (منطقه 7),میدان جانبازان (منطقه 7),billboardiha
1530,بیلبورد میدان زین الدین,قم,میدان زین الدین، ورودی مدرس (منطقه 3),میدان زین الدین، ورودی مدرس (منطقه 3),billboardiha
1528,بیلبورد میدان مصلی,قم,میدان مصلی، داخل پیاده رو حاشیه رودخانه (منطقه 7),میدان مصلی، داخل پیاده رو حاشیه رودخانه (منطقه 7),billboardiha
1529,بیلبورد میدان مفید,قم,میدان مفید، لچکی ورودی، ابتدای بلوار صدوقی (منطقه 4),میدان مفید، لچکی ورودی، ابتدای بلوار صدوقی (منطقه 4),billboardiha
1537,بیلبورد میدان مفید,قم,میدان مفید، ورودی آوینی (منطقه 4),میدان مفید، ورودی آوینی (منطقه 4),billboardiha
1524,بیلبورد پردیسان,قم,پردیسان، تقاطع بلوار دانشگاه و بلوار شهروند (منطقه 8),پردیسان، تقاطع بلوار دانشگاه و بلوار شهروند (منطقه 8),billboardiha
1527,بیلبورد چهارراه نکویی,قم,چهارراه نکویی,چهارراه نکویی,billboardiha
1900,بیلبورد بلوار سجاد,مشهد,بلوار سجاد، تقاطع جانباز,بلوار سجاد، تقاطع جانباز,billboardiha
2629,بیلبورد شهر کردکوی,مشهد,جاده اصلی - شهر کردکوی، میدان شهرداری، ورودی به سمت بندر ترکمن، دید به سمت گرگان یا مشهد,جاده اصلی - شهر کردکوی، میدان شهرداری، ورودی به سمت بندر ترکمن، دید به سمت گرگان یا مشهد,billboardiha
2631,بیلبورد شهر کردکوی,مشهد,جاده اصلی - شهر کردکوی، میدان شهرداری، ورودی به سمت داخل شهر، دید به سمت گرگان یا مشهد,جاده اصلی - شهر کردکوی، میدان شهرداری، ورودی به سمت داخل شهر، دید به سمت گرگان یا مشهد,billboardiha
1421,بیلبورد رویان,مشهد,رویان، کیلومتر 2 رویان نوشهر، حسن آباد وجه غرب به شرق (به سمت مشهد),رویان، کیلومتر 2 رویان نوشهر، حسن آباد وجه غرب به شرق (به سمت مشهد),billboardiha
1308,بیلبورد سه راه خیام,مشهد,سه راه خیام، ضلع شمال شرقی,سه راه خیام، ضلع شمال شرقی,billboardiha
1307,بیلبورد میدان جانباز,مشهد,میدان جانباز، ضلع شمال غربی، مقابل پروما,میدان جانباز، ضلع شمال غربی، مقابل پروما,billboardiha
2597,بیلبورد میدان تره بار,مشهد,ورودی اصلی، روبروی میدان تره بار، دید به سمت گنبد یا مشهد,ورودی اصلی، روبروی میدان تره بار، دید به سمت گنبد یا مشهد,billboardiha
2099,بیلبورد رویان,نور,رویان، خروجی شهر به سمت نوشهر، روبروی فروشگاه کولازیون، دید از شرق به غرب,رویان، خروجی شهر به سمت نوشهر، روبروی فروشگاه کولازیون، دید از شرق به غرب,billboardiha
2096,بیلبورد رویان,نور,رویان، دید از نور و بالعکس، نرسیده به میدان الغدیر 2,رویان، دید از نور و بالعکس، نرسیده به میدان الغدیر 2,billboardiha
2098,بیلبورد رویان,نور,رویان، ورودی شهر از نوشهر، روبروی فروشگاه کولازیون، دید از غرب به شرق,رویان، ورودی شهر از نوشهر، روبروی فروشگاه کولازیون، دید از غرب به شرق,billboardiha
2104,بیلبورد نور,نور,نور، روبروی هتل کیانا، دید از غرب به شرق,نور، روبروی هتل کیانا، دید از غرب به شرق,billboardiha
1067,بیلبورد ابتدای بلوار غنی زادیان,همدان,ابتدای بلوار غنی زادیان، رو به مجتمع سعیدیه,ابتدای بلوار غنی زادیان، رو به مجتمع سعیدیه,billboardiha
1128,بیلبورد امامزاده عبداله,همدان,امامزاده عبداله,امامزاده عبداله,billboardiha
1199,بیلبورد بابا طاهر,همدان,بابا طاهر (تعرفه برای هر وجه میباشد),بابا طاهر (تعرفه برای هر وجه میباشد),billboardiha
1130,بیلبورد بلوار ارتش,همدان,بلوار ارتش، خروجی,بلوار ارتش، خروجی,billboardiha
1129,بیلبورد بلوار ارتش,همدان,بلوار ارتش، ورودی,بلوار ارتش، ورودی,billboardiha
1071,بیلبورد دیواری خیابان بوعلی,همدان,بیلبورد دیواری خیابان بوعلی، به سمت میدان جهاد 1,بیلبورد دیواری خیابان بوعلی، به سمت میدان جهاد 1,billboardiha
1070,بیلبورد دیواری خیابان بوعلی,همدان,بیلبورد دیواری خیابان بوعلی، به سمت میدان جهاد 2,بیلبورد دیواری خیابان بوعلی، به سمت میدان جهاد 2,billboardiha
1063,بیلبورد طالقانی,همدان,طالقانی، چهارراه امیر کبیر، رو به مدرسه اندیشه,طالقانی، چهارراه امیر کبیر، رو به مدرسه اندیشه,billboardiha
2219,بیلبورد میدان امامزاده عبداله,همدان,میدان امامزاده عبداله,میدان امامزاده عبداله,billboardiha
1059,بیلبورد میدان سپاه,همدان,میدان سپاه,میدان سپاه,billboardiha
1461,بیلبورد میدان فلسطین,همدان,میدان فلسطین، رو به روی فروشگاه زنجیره ای رفاه,میدان فلسطین، رو به روی فروشگاه زنجیره ای رفاه,billboardiha
1196,بیلبورد میدان فلسطین,همدان,میدان فلسطین، روبروی دانشکده هنر و معماری,میدان فلسطین، روبروی دانشکده هنر و معماری,billboardiha
3216,بیلبورد میدان پیشاهنگی,همدان,میدان پیشاهنگی,میدان پیشاهنگی,billboardiha
1194,بیلبورد میدان 13 آبان,همدان,میدان ۱۳ آبان، روبروی مدرسه دخترانه تربیت,میدان ۱۳ آبان، روبروی مدرسه دخترانه تربیت,billboardiha
1061,بیلبورد میرزاده عشقی,همدان,میرزاده عشقی، ابتدایه شکریه,میرزاده عشقی، ابتدایه شکریه,billboardiha
1079,بیلبورد نظر آباد - قزوین,همدان,نظر آباد - قزوین (لاین شمال) سه راهی رحیم آباد - همدان,نظر آباد - قزوین (لاین شمال) سه راهی رحیم آباد - همدان,billboardiha
1058,بیلبورد بدیع الزمان,همدان,پل بدیع الزمان، به سمت میدان سپاه,پل بدیع الزمان، به سمت میدان سپاه,billboardiha
1109,بیلبورد چهارراه تختی,همدان,چهارراه تختی، مقابل بانک ملی,چهارراه تختی، مقابل بانک ملی,billboardiha
1062,بیلبورد چهارراه پاستور,همدان,چهارراه پاستور,چهارراه پاستور,billboardiha
2086,بیلبورد چالوس به نمک آبرود,چالوس,بیلبورد چالوس به نمک آبرود,بیلبورد چالوس به نمک آبرود,billboardiha
1982,بیلبورد دو وجهی چالوس به نمک آبرود,چالوس,محور چالوس به نمک آبرود، نرسیده به پلیس راه,محور چالوس به نمک آبرود، نرسیده به پلیس راه,billboardiha
2081,بیلبورد نمک آبرود به هچیرود,چالوس,نمک آبرود به هچیرود، روبروی فروشگاه تعطیلات، دید از غرب به شرق,نمک آبرود به هچیرود، روبروی فروشگاه تعطیلات، دید از غرب به شرق,billboardiha
2089,بیلبورد نمک آبرود به هیچرود,چالوس,نمک آبرود به هیچرود، نرسیده به میدان خط 8، دید از غرب به شرق,نمک آبرود به هیچرود، نرسیده به میدان خط 8، دید از غرب به شرق,billboardiha
2088,بیلبورد چالوس,چالوس,چالوس - خط 8 به سمت نمک آبرود، روبروی کاشی خزر، دید از شرق به غرب,چالوس - خط 8 به سمت نمک آبرود، روبروی کاشی خزر، دید از شرق به غرب,billboardiha
2082,بیلبورد چالوس,چالوس,چالوس، بعد از پل سردآبرورد، روبروی فروشگاه تعطیلات، دید از شرق به غرب,چالوس، بعد از پل سردآبرورد، روبروی فروشگاه تعطیلات، دید از شرق به غرب,billboardiha
2084,بیلبورد چالوس,چالوس,چالوس، بعد از پل سردآبرورد، روبروی مجتمع شالیزار، دید از شرق به غرب,چالوس، بعد از پل سردآبرورد، روبروی مجتمع شالیزار، دید از شرق به غرب,billboardiha
2093,بیلبورد دوطرفه چالوس,چالوس,چالوس، خروجی مرزن آباد، به سمت آزاد راه,چالوس، خروجی مرزن آباد، به سمت آزاد راه,billboardiha
2094,بیلبورد دوطرفه چالوس,چالوس,چالوس، محور نوشهر به چالوس، داخل پارک سنگی,چالوس، محور نوشهر به چالوس، داخل پارک سنگی,billboardiha
2102,بیلبورد چالوس,چالوس,چالوس، محور کندوان به چالوس,چالوس، محور کندوان به چالوس,billboardiha
2092,بیلبورد چالوس,چالوس,چالوس، کمربندی نمک آبرود به رامسر، جنب پمپ بنزین، دید از شرق به غرب,چالوس، کمربندی نمک آبرود به رامسر، جنب پمپ بنزین، دید از شرق به غرب,billboardiha
2091,بیلبورد چالوس,چالوس,چالوس، کمربندی نمک آبرود، جنب پمپ بنزین، دید از غرب به شرق,چالوس، کمربندی نمک آبرود، جنب پمپ بنزین، دید از غرب به شرق,billboardiha
1055,بیلبورد شماره 4,کاشمر,خراسان رضوی - کاشمر -  - بلوار سید مرتضی - حاشیه میدان سیدمرتضی,خراسان رضوی - کاشمر -  - بلوار سید مرتضی - حاشیه میدان سیدمرتضی,billboardiha
1056,بیلبورد شماره 3,کاشمر,خراسان رضوی - کاشمر - بلوار سیدمرتضی - روبروی جهاد دانشگاهی,خراسان رضوی - کاشمر - بلوار سیدمرتضی - روبروی جهاد دانشگاهی,billboardiha
1054,بیلبورد شماره 5,کاشمر,خراسان رضوی - کاشمر - بلوار سیدمرتضی - لاین برگشت - روبروی جایگاه دومنظوره بنزین و CNG,خراسان رضوی - کاشمر - بلوار سیدمرتضی - لاین برگشت - روبروی جایگاه دومنظوره بنزین و CNG,billboardiha
1053,بیلبورد شماره 6,کاشمر,خراسان رضوی - کاشمر - بلوار سیدمرتضی - لاین برگشت - روبروی خیابان آذر,خراسان رضوی - کاشمر - بلوار سیدمرتضی - لاین برگشت - روبروی خیابان آذر,billboardiha
1057,بیلبورد شماره 2,کاشمر,خراسان رضوی - کاشمر - بلوار مدرس - روبروی نمایندگی سایپا,خراسان رضوی - کاشمر - بلوار مدرس - روبروی نمایندگی سایپا,billboardiha
3461,بیلبورد 45متری,کرج,45متری سر چهارراه گلزار دی از اتوبان به 45متری,45متری سر چهارراه گلزار دی از اتوبان به 45متری,billboardiha
3457,بیلبورد 45متری,کرج,45متری سر چهارراه گلزار دید از 45متری به اتوبان,45متری سر چهارراه گلزار دید از 45متری به اتوبان,billboardiha
3440,بیلبورد 4باندی مهرشهر,کرج,4باندی مهرشهر روبروی شهرداری,4باندی مهرشهر روبروی شهرداری,billboardiha
3111,بیلبورد بلوار امام رضا (دو وجهی),کرج,بلوار امام رضا، رو به روی مجتمع تجاری پارسیان,بلوار امام رضا، رو به روی مجتمع تجاری پارسیان,billboardiha
1169,بیلبورد بلوار باغستان,کرج,بلوار باغستان، تقاطع موذن,بلوار باغستان، تقاطع موذن,billboardiha
1180,بیلبورد بلوار شیمیایی,کرج,بلوار شیمیایی، روبروی ورزشگاه کیانپور,بلوار شیمیایی، روبروی ورزشگاه کیانپور,billboardiha
1177,بیلبورد بلوار علامه جعفری,کرج,بلوار علامه جعفری، بعد از دور برگردان بازار روز لاله,بلوار علامه جعفری، بعد از دور برگردان بازار روز لاله,billboardiha
1174,بیلبورد بلوار علامه جعفری,کرج,بلوار علامه جعفری، نرسیده به بازار روز لاله,بلوار علامه جعفری، نرسیده به بازار روز لاله,billboardiha
1173,بیلبورد بلوار چمران,کرج,بلوار چمران، مقابل کلانتری چمران,بلوار چمران، مقابل کلانتری چمران,billboardiha
1135,بیلبورد تقاطع بلوار مولانا و بهارستان,کرج,بییلبورد چراغ قرمز تقاطع بلوار مولانا و بهارستان جهانشهر پارک خانواده,بییلبورد چراغ قرمز تقاطع بلوار مولانا و بهارستان جهانشهر پارک خانواده,billboardiha
3289,بیلبورد  هشتگرد,کرج,جاده قدیم هشتگرد، سه راه هیو، مسیر رفت,جاده قدیم هشتگرد، سه راه هیو، مسیر رفت,billboardiha
1137,بیلبورد حدفاصل کارخانه قند و امام حسین,کرج,حدفاصل کارخانه قند و امام حسین، روبروی ورزشگاه کیانپور,حدفاصل کارخانه قند و امام حسین، روبروی ورزشگاه کیانپور,billboardiha
1161,بیلبورد حسن آباد,کرج,حسن آباد، جنب ایسگاه پلیس، برگشت,حسن آباد، جنب ایسگاه پلیس، برگشت,billboardiha
1162,بیلبورد حسن آباد,کرج,حسن آباد، جنب ایسگاه پلیس، رفت,حسن آباد، جنب ایسگاه پلیس، رفت,billboardiha
1168,بیلبورد حصار,کرج,حصار بعد از پل عابر پیاده، رفت,حصار بعد از پل عابر پیاده، رفت,billboardiha
1171,بیلبورد خیابان شهید بهشتی,کرج,خیابان شهید بهشتی، به سمت کرج، مقابل کلانتری 16 حصارک,خیابان شهید بهشتی، به سمت کرج، مقابل کلانتری 16 حصارک,billboardiha
1166,بیلبورد خیابان شهید بهشتی,کرج,خیابان شهید بهشتی، مقابل کلانتری مرکزی,خیابان شهید بهشتی، مقابل کلانتری مرکزی,billboardiha
3455,بیلبورد دانش شرقی,کرج,دوربرگردان دانش شرقی وجه فاز4 به چهارباندی,دوربرگردان دانش شرقی وجه فاز4 به چهارباندی,billboardiha
3454,بیلبورد خیابان دانش,کرج,دوربرگردان دانش وجه چهارباندی به فاز4,دوربرگردان دانش وجه چهارباندی به فاز4,billboardiha
3283,بیلبورد طالقانی جنوبی,کرج,طالقانی جنوبی، چهارراه دولت آباد، جنب بیمارستان قائم (مسیر رفت),طالقانی جنوبی، چهارراه دولت آباد، جنب بیمارستان قائم (مسیر رفت),billboardiha
1143,بیلبورد مهرشهر,کرج,مهرشهر، چهار باندی، روبروی پارکینگ شهرداری، برگشت,مهرشهر، چهار باندی، روبروی پارکینگ شهرداری، برگشت,billboardiha
1144,بیلبورد مهرشهر,کرج,مهرشهر، چهار باندی، روبروی پارکینگ شهرداری، رفت,مهرشهر، چهار باندی، روبروی پارکینگ شهرداری، رفت,billboardiha
3452,بیلبورد مهرویلا,کرج,مهرویلا (زیر گذر پل هاشمی رفسنجانی),مهرویلا (زیر گذر پل هاشمی رفسنجانی),billboardiha
1163,بیلبورد مهرویلا,کرج,مهرویلا، سه راهی دبیرستان عترت,مهرویلا، سه راهی دبیرستان عترت,billboardiha
3469,بیلبورد میدان آزادگان,کرج,میدان آزادگان بالای مسجد جنب برج یادمان,میدان آزادگان بالای مسجد جنب برج یادمان,billboardiha
1165,بیلبورد میدان بسیج,کرج,میدان بسیج، چهارراه گلزار,میدان بسیج، چهارراه گلزار,billboardiha
3281,بیلبورد میدان حصارک,کرج,میدان حصارک، جنب دانشگاه خوارزمی,میدان حصارک، جنب دانشگاه خوارزمی,billboardiha
3438,بیلبورد میدان شهدا,کرج,میدان شهدا,میدان شهدا,billboardiha
1175,بیلبورد پل فردیس,کرج,پل فردیس، روبروی مترو، دید به سمت کرج,پل فردیس، روبروی مترو، دید به سمت کرج,billboardiha
3466,بیلبورد بلوار مولانا و بهارستان,کرج,چراغ قرمز تقاطع بلوار مولانا و بهارستان جهانشهر پارک,چراغ قرمز تقاطع بلوار مولانا و بهارستان جهانشهر پارک,billboardiha
1172,بیلبورد چهارراه ماهان,کرج,چهارراه ماهان، جنب یگان امداد,چهارراه ماهان، جنب یگان امداد,billboardiha
1183,بیلبورد چهارراه کارخانه قند,کرج,چهارراه کارخانه قند,چهارراه کارخانه قند,billboardiha
1260,بیلبورد کرج - قزوین,کرج,کرج - قزوین، قبل از عوارضی رشت 1,کرج - قزوین، قبل از عوارضی رشت 1,billboardiha
1259,بیلبورد کرج - قزوین,کرج,کرج - قزوین، قبل از عوارضی رشت 2,کرج - قزوین، قبل از عوارضی رشت 2,billboardiha
1588,بیلبورد 22بهمن,کرمان,22بهمن، روبروی خیابان کوکب رشیدی، ضلع شرقی,22بهمن، روبروی خیابان کوکب رشیدی، ضلع شرقی,billboardiha
1587,بیلبورد 22بهمن,کرمان,22بهمن، روبروی خیابان کوکب رشیدی، ضلع غربی,22بهمن، روبروی خیابان کوکب رشیدی، ضلع غربی,billboardiha
1589,بیلبورد 22بهمن,کرمان,22بهمن، چهارراه سی متری اول (نوبهار)، ضلع شرقی به طرف آل آقا,22بهمن، چهارراه سی متری اول (نوبهار)، ضلع شرقی به طرف آل آقا,billboardiha
1590,بیلبورد 22بهمن,کرمان,22بهمن، چهارراه سی متری اول (نوبهار)، ضلع شمالی,22بهمن، چهارراه سی متری اول (نوبهار)، ضلع شمالی,billboardiha
1591,بیلبورد 22بهمن,کرمان,22بهمن، چهارراه سی متری اول (نوبهار)، ضلع شمالی,22بهمن، چهارراه سی متری اول (نوبهار)، ضلع شمالی,billboardiha
1592,بیلبورد 22بهمن,کرمان,22بهمن، چهارراه سی متری اول (نوبهار)، ضلع غربی,22بهمن، چهارراه سی متری اول (نوبهار)، ضلع غربی,billboardiha
1594,بیلبورد 22بهمن,کرمان,22بهمن، چهارراه سی متری دوم ضلع  شمالی,22بهمن، چهارراه سی متری دوم ضلع  شمالی,billboardiha
1595,بیلبورد 22بهمن,کرمان,22بهمن، چهارراه سی متری دوم ضلع  غربی,22بهمن، چهارراه سی متری دوم ضلع  غربی,billboardiha
1593,بیلبورد 22بهمن,کرمان,22بهمن، چهارراه سی متری دوم، روبروی قنادی تابان,22بهمن، چهارراه سی متری دوم، روبروی قنادی تابان,billboardiha
1014,بیلبورد تبلیغاتی 15*5,کرمان,بزرگراه خلیج فارس,بزرگراه خلیج فارس,billboardiha
1957,بیلبورد بزرگراه کربلا,کرمان,بزرگراه کربلا، شهر بیستون، مقابل اثار باستانی (به سمت کرمانشاه),بزرگراه کربلا، شهر بیستون، مقابل اثار باستانی (به سمت کرمانشاه),billboardiha
1621,بیلبورد بلوار شهید بهشتی,کرمان,بلوار شهید بهشتی، میدان سپاه (میدان نفت),بلوار شهید بهشتی، میدان سپاه (میدان نفت),billboardiha
1823,بیلبورد دوطرفه بلوار غلامرضا خان ارکوازی,کرمان,بلوار غلامرضا خان ارکوازی به سمت پالایشگاه - اسلام آباد - کرمانشاه,بلوار غلامرضا خان ارکوازی به سمت پالایشگاه - اسلام آباد - کرمانشاه,billboardiha
1303,بیلبورد روبروی بیمارستان پاستور,کرمان,بم، روبروی بیمارستان پاستور,بم، روبروی بیمارستان پاستور,billboardiha
1299,بیلبورد میدان آزادی,کرمان,بم، میدان آزادی,بم، میدان آزادی,billboardiha
1301,بیلبورد میدان امام حسین,کرمان,بم، میدان امام حسین,بم، میدان امام حسین,billboardiha
1305,بیلبورد میدان ولایت,کرمان,بم، میدان ولایت,بم، میدان ولایت,billboardiha
3418,بیلبورد محور سنندج ، کرمانشاه,کرمان,بیلبورد محور سنندج ، کرمانشاه جنب پلیس راه,بیلبورد محور سنندج ، کرمانشاه جنب پلیس راه,billboardiha
1586,بیلبورد خیابان برق,کرمان,خیابان برق، میدان 17شهریور ، به سمت چهارراه نوبهار,خیابان برق، میدان 17شهریور ، به سمت چهارراه نوبهار,billboardiha
1584,بیلبورد خیابان برق,کرمان,خیابان برق، میدان گلایول به سمت میدان 17شهریور,خیابان برق، میدان گلایول به سمت میدان 17شهریور,billboardiha
1585,بیلبورد خیابان برق,کرمان,خیابان برق، میدان گلایول به سمت چهارراه ارشاد,خیابان برق، میدان گلایول به سمت چهارراه ارشاد,billboardiha
1597,بیلبورد خیابان کارگر,کرمان,خیابان کارگر، چهارراه وکیل آقا,خیابان کارگر، چهارراه وکیل آقا,billboardiha
1601,بیلبورد خیابان کسری,کرمان,خیابان کسری، ابتدای بلوار سجاد,خیابان کسری، ابتدای بلوار سجاد,billboardiha
1818,بیلبورد دوطرفه سرابله,کرمان,سرابله به سمت کرمانشاه، روبروی کارخانه سیمان,سرابله به سمت کرمانشاه، روبروی کارخانه سیمان,billboardiha
2208,بیلبورد فرودگاه بین المللی کرمان,کرمان,فرودگاه بین المللی کرمان، سالن عمومی، کانتر پذیرش، از سمت چپ دوم,فرودگاه بین المللی کرمان، سالن عمومی، کانتر پذیرش، از سمت چپ دوم,billboardiha
2207,بیلبورد فرودگاه بین المللی کرمان,کرمان,فرودگاه بین المللی کرمان، سالن ورودی، مقابل نوار نقاله، سمت راست,فرودگاه بین المللی کرمان، سالن ورودی، مقابل نوار نقاله، سمت راست,billboardiha
1622,بیلبورد لب آب,کرمان,لب آب جنب پل قوسی (به سمت میدان طاقبستان),لب آب جنب پل قوسی (به سمت میدان طاقبستان),billboardiha
1625,بیلبورد لب آب,کرمان,لب آب رفیوژ وسط نرسیده به تقاطع غیر همسطح ولایت (به سمت طاقبستان),لب آب رفیوژ وسط نرسیده به تقاطع غیر همسطح ولایت (به سمت طاقبستان),billboardiha
1624,بیلبورد لب آب,کرمان,لب آب رفیوژ وسط نرسیده به پول قوسی (به سمت طاقبستان),لب آب رفیوژ وسط نرسیده به پول قوسی (به سمت طاقبستان),billboardiha
3419,بیلبورد محور کرمانشاه ، سنندج,کرمان,محور کرمانشاه ، سنندج جنب پلیس راه,محور کرمانشاه ، سنندج جنب پلیس راه,billboardiha
1628,بیلبورد مسکن,کرمان,مسکن، چهارراه مطهری (به سمت بازار مسکن),مسکن، چهارراه مطهری (به سمت بازار مسکن),billboardiha
1627,بیلبورد مسکن,کرمان,مسکن، چهارراه مطهری (به سمت میدان طاقبستان),مسکن، چهارراه مطهری (به سمت میدان طاقبستان),billboardiha
1600,بیلبورد میدان آزادگان,کرمان,میدان آزادگان، به سمت کسری,میدان آزادگان، به سمت کسری,billboardiha
1610,بیلبورد میدان آیت الله کاشانی,کرمان,میدان آیت الله کاشانی (مصدق) جنب بانک صادرات (به سمت میدان آزادی),میدان آیت الله کاشانی (مصدق) جنب بانک صادرات (به سمت میدان آزادی),billboardiha
1611,بیلبورد میدان انقلاب اسلامی,کرمان,میدان انقلاب اسلامی (شهرداری سابق) جنب ساعت فروشی,میدان انقلاب اسلامی (شهرداری سابق) جنب ساعت فروشی,billboardiha
1612,بیلبورد میدان انقلاب اسلامی,کرمان,میدان انقلاب اسلامی (شهرداری سابق) جنب مسجد,میدان انقلاب اسلامی (شهرداری سابق) جنب مسجد,billboardiha
1602,بیلبورد میدان فردوسی,کرمان,میدان فردوسی، به طرف خیابان دلگشا,میدان فردوسی، به طرف خیابان دلگشا,billboardiha
1629,بیلبورد میدان فرودگاه,کرمان,میدان فرودگاه,میدان فرودگاه,billboardiha
1555,بیلبورد میدان کاشانی,کرمان,میدان کاشانی، جنب مجتمع تجاری ارگ، دید از غرب به شرق,میدان کاشانی، جنب مجتمع تجاری ارگ، دید از غرب به شرق,billboardiha
1556,بیلبورد میدان کاشانی,کرمان,میدان کاشانی، پیشانی مجتمع تجاری ارگ,میدان کاشانی، پیشانی مجتمع تجاری ارگ,billboardiha
2833,بیلبورد جاده کرمان - رفسنجان,کرمان,پمپ بنزین جاده کرمان - رفسنجان,پمپ بنزین جاده کرمان - رفسنجان,billboardiha
1313,بیلبورد چهارراه شفا,کرمان,چهارراه شفا,چهارراه شفا,billboardiha
2694,بیلبورد بزرگراه کلانتری,گرگان,بزرگراه کلانتری، روبروی وبلاشهر، دید از سمت شرق,بزرگراه کلانتری، روبروی وبلاشهر، دید از سمت شرق,billboardiha
2695,بیلبورد بزرگراه کلانتری,گرگان,بزرگراه کلانتری، روبروی وبلاشهر، دید از سمت غرب,بزرگراه کلانتری، روبروی وبلاشهر، دید از سمت غرب,billboardiha
2703,بیلبورد بلوار جانبازان,گرگان,بلوار جانبازان، جنب پل، رفت به ناهارخوران، دید از سمت تالار,بلوار جانبازان، جنب پل، رفت به ناهارخوران، دید از سمت تالار,billboardiha
2707,بیلبورد بلوار ناهار خوران,گرگان,بلوار ناهار خوران، ابتدای سروش، برگشت به گرگان,بلوار ناهار خوران، ابتدای سروش، برگشت به گرگان,billboardiha
2713,بیلبورد بلوار ناهار خوران,گرگان,بلوار ناهار خوران، بعد از شهربازی، برگشت به گرگان,بلوار ناهار خوران، بعد از شهربازی، برگشت به گرگان,billboardiha
2711,بیلبورد بلوار ناهار خوران,گرگان,بلوار ناهار خوران، روبروی باباطاهر، برگشت به گرگان,بلوار ناهار خوران، روبروی باباطاهر، برگشت به گرگان,billboardiha
2709,بیلبورد بلوار ناهار خوران,گرگان,بلوار ناهار خوران، قبل از باباطاهر، برگشت به گرگان,بلوار ناهار خوران، قبل از باباطاهر، برگشت به گرگان,billboardiha
2176,بیلبورد فرودگاه گرگان,گرگان,فرودگاه گرگان، ترمینال داخلی قسمت بوفه، تابلو 2,فرودگاه گرگان، ترمینال داخلی قسمت بوفه، تابلو 2,billboardiha
2175,بیلبورد فرودگاه گرگان,گرگان,فرودگاه گرگان، سالن ورودی,فرودگاه گرگان، سالن ورودی,billboardiha
2185,بیلبورد فرودگاه گرگان,گرگان,فرودگاه گرگان، قسمت راه پله گذرنامه 1,فرودگاه گرگان، قسمت راه پله گذرنامه 1,billboardiha
2184,بیلبورد فرودگاه گرگان,گرگان,فرودگاه گرگان، قسمت راه پله گذرنامه 2,فرودگاه گرگان، قسمت راه پله گذرنامه 2,billboardiha
2183,بیلبورد فرودگاه گرگان,گرگان,فرودگاه گرگان، قسمت راه پله گذرنامه 3,فرودگاه گرگان، قسمت راه پله گذرنامه 3,billboardiha
2701,بیلبورد میدان 15 خرداد,گرگان,میدان 15 خرداد (سرخواجه)، دید از 5 آذر,میدان 15 خرداد (سرخواجه)، دید از 5 آذر,billboardiha
2700,بیلبورد میدان 15 خرداد,گرگان,میدان 15 خرداد (سرخواجه)، دید از سمت میدان,میدان 15 خرداد (سرخواجه)، دید از سمت میدان,billboardiha
2702,بیلبورد میدان ولیعصر,گرگان,میدان ولیعصر (کاخ)، روبروی ثبت احوال، دید از دور میدان,میدان ولیعصر (کاخ)، روبروی ثبت احوال، دید از دور میدان,billboardiha
2659,بیلبورد سه راه آزادی و شهرداری,گرگان,ورودی کردکوی گرگان و بندرگز، سه راه آزادی و شهرداری، دید به سمت مرکز شهر,ورودی کردکوی گرگان و بندرگز، سه راه آزادی و شهرداری، دید به سمت مرکز شهر,billboardiha
2664,بیلبورد ورودی گرگان,گرگان,ورودی گرگان، روبروی سپاه بلوار بهشتی، وسط بلوار، دید به سمت گرگان,ورودی گرگان، روبروی سپاه بلوار بهشتی، وسط بلوار، دید به سمت گرگان,billboardiha
2114,بیلبورد ایزد شهر به محمود آباد,یزد,ایزد شهر به محمود آباد، جنب پل شرکت نفت,ایزد شهر به محمود آباد، جنب پل شرکت نفت,billboardiha
1930,بیلبورد بلوار دانشجو,یزد,بلوار دانشجو، سه راه تعاون,بلوار دانشجو، سه راه تعاون,billboardiha
2572,بیلبورد جاده مهریز,یزد,جاده مهریز، ورودی و خروجی (از سمت کرمان و بندر عباس),جاده مهریز، ورودی و خروجی (از سمت کرمان و بندر عباس),billboardiha
1220,بیلبورد سه راه استقلال,یزد,سه راه استقلال، ابتدای بلوار استقلال,سه راه استقلال، ابتدای بلوار استقلال,billboardiha
1219,بیلبورد سه راه امیرکبیر,یزد,سه راه امیرکبیر، انتهای بلوار دشتی,سه راه امیرکبیر، انتهای بلوار دشتی,billboardiha
2570,بیلبورد شهرک صنعتی,یزد,شهرک صنعتی,شهرک صنعتی,billboardiha
2579,بیلبورد صفاییه,یزد,صفاییه، میدان اطلسی,صفاییه، میدان اطلسی,billboardiha
2190,بیلبورد فرودگاه بین المللی یزد,یزد,فرودگاه بین المللی یزد، سالن انتظار,فرودگاه بین المللی یزد، سالن انتظار,billboardiha
2188,بیلبورد فرودگاه بین المللی یزد,یزد,فرودگاه بین المللی یزد، سالن انتظار، پشت کانتر,فرودگاه بین المللی یزد، سالن انتظار، پشت کانتر,billboardiha
2189,بیلبورد فرودگاه بین المللی یزد,یزد,فرودگاه بین المللی یزد، سالن ترانزیت,فرودگاه بین المللی یزد، سالن ترانزیت,billboardiha
2191,بیلبورد فرودگاه بین المللی یزد,یزد,فرودگاه بین المللی یزد، سالن ترانزیت,فرودگاه بین المللی یزد، سالن ترانزیت,billboardiha
2115,بیلبورد محمود آباد,یزد,محمود آباد به سمت ایزدشهر (نور)، جنب پل شرکت نفت,محمود آباد به سمت ایزدشهر (نور)، جنب پل شرکت نفت,billboardiha
1929,بیلبورد میدان آزادی,یزد,میدان آزادی,میدان آزادی,billboardiha
1931,بیلبورد میدان فرهنگ,یزد,میدان فرهنگ صفاییه,میدان فرهنگ صفاییه,billboardiha
1218,بیلبورد میدان همافر,یزد,میدان همافر، نبش خیابان ایمان,میدان همافر، نبش خیابان ایمان,billboardiha
1451,بیلبورد ورودی شهرک صنعتی,یزد,ورودی شهرک صنعتی، سمت چپ,ورودی شهرک صنعتی، سمت چپ,billboardiha
1223,بیلبورد چهارراه ایرانشهر,یزد,چهارراه ایرانشهر، ورودی امامزاده جعفر,چهارراه ایرانشهر، ورودی امامزاده جعفر,billboardiha